Date;Pression (0/50) (m);Température (-5/35) (°C);Salinité (2/42) (g/l);Oxygène (0/20) (mgl);PH (0/14) (pH);Fluorescence (0/50) (µgl);Tension batterie (V)
05/01/2022 19:12;0.84;14.41;37.88;10.09;8.27;0.5;10.76
05/01/2022 19:27;0.9;14.4;37.86;10.09;8.28;0.57;10.85
05/01/2022 19:42;0.9;14.36;37.84;10.1;8.27;0.53;10.88
05/01/2022 19:57;0.81;14.37;37.86;10.1;8.28;0.59;10.89
05/01/2022 20:12;0.85;14.36;37.85;10.1;8.27;0.58;10.84
05/01/2022 20:27;0.81;14.37;37.85;10.1;8.28;0.64;10.88
05/01/2022 20:42;0.91;14.34;37.84;10.11;8.28;0.54;10.89
05/01/2022 20:57;0.92;14.33;37.84;10.12;8.28;0.57;10.9
05/01/2022 21:12;0.85;14.35;37.85;10.12;8.27;0.59;10.84
05/01/2022 21:27;0.88;14.33;37.84;10.13;8.28;0.63;10.88
05/01/2022 21:42;0.96;14.32;37.84;10.14;8.28;0.66;10.89
05/01/2022 21:57;0.81;14.35;37.85;10.14;8.27;0.63;10.9
05/01/2022 22:12;0.88;14.31;37.85;10.15;8.27;0.52;10.84
05/01/2022 22:27;0.93;14.34;37.85;10.14;8.27;0.42;10.88
05/01/2022 22:42;0.81;14.38;37.87;10.14;8.27;0.47;10.89
05/01/2022 22:57;0.93;14.39;37.87;10.13;8.27;0.61;10.9
05/01/2022 23:12;0.9;14.4;37.87;10.13;8.27;0.55;10.85
05/01/2022 23:27;0.78;14.42;37.88;10.12;8.27;0.62;10.88
05/01/2022 23:42;0.96;14.44;37.89;10.1;8.27;0.65;10.89
05/01/2022 23:57;0.84;14.43;37.89;10.11;8.27;0.71;10.9
06/01/2022 00:12;0.88;14.43;37.89;10.11;8.27;0.58;10.85
06/01/2022 00:27;0.89;14.43;37.89;10.11;8.27;0.6;10.88
06/01/2022 00:42;0.88;14.43;37.89;10.11;8.27;0.6;10.89
06/01/2022 00:57;0.95;14.44;37.89;10.1;8.27;0.64;10.9
06/01/2022 01:12;0.86;14.44;37.89;10.1;8.27;0.65;10.85
06/01/2022 01:27;0.88;14.44;37.89;10.09;8.27;0.57;10.88
06/01/2022 01:42;0.82;14.44;37.9;10.08;8.27;0.67;10.89
06/01/2022 01:57;0.87;14.46;37.9;10.06;8.27;0.53;10.9
06/01/2022 02:12;0.87;14.46;37.91;10.06;8.27;0.78;10.84
06/01/2022 02:27;0.9;14.46;37.9;10.06;8.27;0.63;10.88
06/01/2022 02:42;0.91;14.47;37.9;10.05;8.27;0.65;10.89
06/01/2022 02:57;0.88;14.46;37.9;10.05;8.27;0.71;10.9
06/01/2022 03:12;0.92;14.46;37.9;10.04;8.27;0.7;10.85
06/01/2022 03:27;0.88;14.47;37.91;10.04;8.27;0.63;10.88
06/01/2022 03:42;0.96;14.45;37.91;10.04;8.27;0.56;10.89
06/01/2022 03:57;0.96;14.45;37.91;10.04;8.27;0.83;10.9
06/01/2022 04:12;0.89;14.46;37.92;10.04;8.27;0.78;10.85
06/01/2022 04:27;0.91;14.46;37.9;10.04;8.27;0.7;10.88
06/01/2022 04:42;0.89;14.47;37.91;10.04;8.27;0.63;10.89
06/01/2022 04:57;0.88;14.42;37.9;10.05;8.27;0.55;10.9
06/01/2022 05:12;0.87;14.44;37.91;10.05;8.27;0.67;10.84
06/01/2022 05:27;0.9;14.45;37.91;10.04;8.27;0.69;10.88
06/01/2022 05:42;0.92;14.43;37.91;10.05;8.27;0.65;10.89
06/01/2022 05:57;0.93;14.43;37.91;10.05;8.27;0.62;10.9
06/01/2022 06:12;0.94;14.44;37.91;10.04;8.27;0.59;10.84
06/01/2022 06:27;0.93;14.43;37.89;10.04;8.27;0.67;10.88
06/01/2022 06:42;0.96;14.4;37.89;10.05;8.27;0.62;10.89
06/01/2022 06:57;0.9;14.42;37.9;10.04;8.27;0.58;10.9
06/01/2022 07:12;1.02;14.42;37.9;10.04;8.27;0.65;10.84
06/01/2022 07:27;0.98;14.4;37.9;10.05;8.27;0.76;10.88
06/01/2022 07:42;0.93;14.41;37.9;10.05;8.27;0.82;10.89
06/01/2022 07:57;0.93;14.43;37.91;10.05;8.27;0.75;10.9
06/01/2022 08:12;0.9;14.4;37.9;10.06;8.26;0.61;10.83
06/01/2022 08:27;0.97;14.4;37.9;10.07;8.27;0.59;10.88
06/01/2022 08:42;0.94;14.45;37.91;10.06;8.27;0.71;10.89
06/01/2022 08:57;0.93;14.42;37.91;10.07;8.27;0.73;10.9
06/01/2022 09:12;0.84;14.42;37.91;10.07;8.27;0.62;10.84
06/01/2022 09:27;0.92;14.44;37.91;10.06;8.27;0.75;10.88
06/01/2022 09:42;0.95;14.43;37.93;10.06;8.27;0.8;10.89
06/01/2022 09:57;0.97;14.45;37.93;10.06;8.27;0.61;10.9
06/01/2022 10:12;0.94;14.45;37.92;10.06;8.27;0.67;10.84
06/01/2022 10:27;0.94;14.43;37.92;10.06;8.27;0.64;10.88
06/01/2022 10:42;0.94;14.46;37.92;10.04;8.28;0.74;10.89
06/01/2022 10:57;0.94;14.44;37.91;10.05;8.28;0.66;10.9
06/01/2022 11:12;0.94;14.43;37.91;10.05;8.27;0.68;10.84
06/01/2022 11:27;0.92;14.43;37.91;10.05;8.27;0.77;10.88
06/01/2022 11:42;0.91;14.41;37.91;10.06;8.27;0.85;10.89
06/01/2022 11:57;0.92;14.41;37.91;10.06;8.27;0.67;10.9
06/01/2022 12:12;0.95;14.44;37.92;10.05;8.27;0.6;10.84
06/01/2022 12:27;0.93;14.43;37.92;10.06;8.27;0.72;10.88
06/01/2022 12:42;0.95;14.41;37.92;10.06;8.28;0.64;10.89
06/01/2022 12:57;0.99;14.43;37.92;10.06;8.28;0.63;10.9
06/01/2022 13:12;0.98;14.44;37.92;10.05;8.27;0.63;10.84
06/01/2022 13:27;0.93;14.43;37.92;10.06;8.28;0.59;10.88
06/01/2022 13:42;0.93;14.43;37.92;10.06;8.27;0.61;10.89
06/01/2022 13:57;0.99;14.42;37.93;10.06;8.28;0.58;10.9
06/01/2022 14:12;0.97;14.43;37.92;10.06;8.27;0.61;10.83
06/01/2022 14:27;0.94;14.42;37.91;10.06;8.28;0.64;10.87
06/01/2022 14:42;0.96;14.43;37.91;10.06;8.28;0.53;10.89
06/01/2022 14:57;0.96;14.43;37.92;10.06;8.28;0.54;10.89
06/01/2022 15:12;0.94;14.42;37.92;10.06;8.27;0.58;10.84
06/01/2022 15:27;0.94;14.44;37.93;10.05;8.28;0.56;10.88
06/01/2022 15:42;0.95;14.42;37.92;10.06;8.28;0.72;10.89
06/01/2022 15:57;0.96;14.44;37.93;10.05;8.28;0.57;10.89
06/01/2022 16:12;0.95;14.43;37.93;10.05;8.27;0.49;10.83
06/01/2022 16:27;0.98;14.44;37.93;10.04;8.28;0.61;10.87
06/01/2022 16:42;0.98;14.43;37.93;10.05;8.28;0.56;10.89
06/01/2022 16:57;0.97;14.43;37.93;10.05;8.28;0.61;10.89
06/01/2022 17:12;0.96;14.42;37.93;10.05;8.27;0.54;10.84
06/01/2022 17:27;0.94;14.44;37.92;10.04;8.28;0.6;10.88
06/01/2022 17:42;0.95;14.42;37.93;10.04;8.28;0.55;10.89
06/01/2022 17:57;0.95;14.41;37.92;10.05;8.28;0.5;10.89
06/01/2022 18:12;0.98;14.39;37.93;10.05;8.27;0.5;10.83
06/01/2022 18:27;0.98;14.42;37.93;10.04;8.28;0.53;10.87
06/01/2022 18:42;0.99;14.43;37.93;10.04;8.28;0.4;10.89
06/01/2022 18:57;1;14.4;37.93;10.05;8.28;0.33;10.89
06/01/2022 19:12;0.97;14.4;37.93;10.05;8.27;0.25;10.84
06/01/2022 19:27;0.95;14.41;37.93;10.05;8.27;0.31;10.81
06/01/2022 19:17;1;14.41;37.92;10.06;8.28;0.26;10.72
06/01/2022 19:32;0.93;14.39;37.92;10.07;8.28;0.27;10.82
06/01/2022 19:47;0.97;14.42;37.93;10.07;8.28;0.22;10.85
06/01/2022 20:02;0.98;14.43;37.93;10.07;8.28;0.28;10.87
06/01/2022 20:17;0.95;14.44;37.93;10.08;8.28;0.2;10.85
06/01/2022 20:32;0.96;14.43;37.93;10.08;8.27;0.22;10.87
06/01/2022 20:47;0.99;14.43;37.93;10.09;8.28;0.22;10.88
06/01/2022 21:02;0.92;14.43;37.93;10.09;8.27;0.22;10.89
06/01/2022 21:17;0.93;14.33;37.78;10.12;8.27;0.21;10.85
06/01/2022 21:32;0.93;14.23;37.6;10.15;8.27;0.14;10.88
06/01/2022 21:47;0.98;14.16;37.49;10.18;8.27;0.15;10.89
06/01/2022 22:02;1.03;14.2;37.48;10.17;8.27;0.21;10.89
06/01/2022 22:17;0.95;14.19;37.46;10.17;8.27;0.17;10.86
06/01/2022 22:32;0.98;14.24;37.51;10.15;8.27;0.16;10.88
06/01/2022 22:47;0.97;14.28;37.54;10.14;8.27;0.16;10.89
06/01/2022 23:02;0.97;14.27;37.57;10.15;8.27;0.19;10.89
06/01/2022 23:17;0.99;14.35;37.7;10.13;8.27;0.16;10.86
06/01/2022 23:32;0.95;14.31;37.66;10.14;8.27;0.15;10.88
06/01/2022 23:47;0.86;14.36;37.74;10.12;8.27;0.2;10.89
07/01/2022 00:02;0.94;14.39;37.78;10.12;8.27;0.18;10.89
07/01/2022 00:17;0.94;14.41;37.82;10.12;8.27;0.21;10.86
07/01/2022 00:32;0.97;14.42;37.87;10.12;8.27;0.31;10.88
07/01/2022 00:47;0.95;14.46;37.9;10.1;8.27;0.26;10.89
07/01/2022 01:02;0.95;14.49;37.93;10.1;8.27;0.42;10.89
07/01/2022 01:17;0.91;14.49;37.94;10.1;8.27;0.34;10.84
07/01/2022 01:32;0.92;14.5;37.95;10.09;8.27;0.43;10.87
07/01/2022 01:47;0.96;14.49;37.94;10.09;8.27;0.58;10.89
07/01/2022 02:02;0.92;14.47;37.94;10.09;8.27;0.55;10.89
07/01/2022 02:17;0.95;14.47;37.94;10.08;8.27;0.65;10.86
07/01/2022 02:32;1;14.47;37.94;10.08;8.27;0.68;10.88
07/01/2022 02:47;0.98;14.47;37.95;10.07;8.27;0.65;10.89
07/01/2022 03:02;0.93;14.46;37.94;10.07;8.27;0.66;10.89
07/01/2022 03:17;1;14.46;37.94;10.07;8.27;0.92;10.86
07/01/2022 03:32;0.94;14.45;37.94;10.07;8.27;0.58;10.88
07/01/2022 03:47;0.98;14.44;37.94;10.07;8.27;0.72;10.89
07/01/2022 04:02;0.96;14.45;37.94;10.06;8.27;0.78;10.89
07/01/2022 04:17;0.92;14.42;37.94;10.07;8.27;0.63;10.86
07/01/2022 04:32;0.93;14.29;37.81;10.12;8.27;0.65;10.88
07/01/2022 04:47;0.95;14.33;37.85;10.11;8.27;0.56;10.89
07/01/2022 05:02;0.9;14.17;37.62;10.16;8.27;0.56;10.89
07/01/2022 05:17;0.99;14.2;37.75;10.13;8.27;0.71;10.84
07/01/2022 05:32;0.82;14.21;37.72;10.14;8.27;0.5;10.87
07/01/2022 05:47;0.97;14.25;37.79;10.12;8.27;0.59;10.88
07/01/2022 06:02;0.92;14.23;37.75;10.12;8.27;0.48;10.89
07/01/2022 06:17;0.89;14.23;37.75;10.13;8.28;0.52;10.85
07/01/2022 06:32;0.98;14.22;37.7;10.13;8.28;0.57;10.88
07/01/2022 06:47;0.92;14.17;37.65;10.14;8.28;0.63;10.89
07/01/2022 07:02;0.9;14.21;37.68;10.12;8.28;0.63;10.89
07/01/2022 07:17;0.92;14.24;37.72;10.11;8.28;0.66;10.85
07/01/2022 07:32;0.94;14.18;37.69;10.14;8.28;0.61;10.88
07/01/2022 07:47;0.99;14.15;37.67;10.14;8.28;0.49;10.88
07/01/2022 08:02;0.97;14.19;37.76;10.13;8.28;0.51;10.89
07/01/2022 08:17;0.97;14.15;37.77;10.14;8.28;0.53;10.84
07/01/2022 08:32;0.91;14.12;37.7;10.14;8.28;0.6;10.87
07/01/2022 08:47;0.9;14.13;37.76;10.13;8.28;0.66;10.88
07/01/2022 09:02;0.94;14.14;37.7;10.13;8.28;0.64;10.89
07/01/2022 09:17;0.94;14.21;37.81;10.1;8.28;0.66;10.85
07/01/2022 09:32;0.98;14.16;37.77;10.1;8.28;0.59;10.87
07/01/2022 09:47;0.93;14.2;37.83;10.08;8.28;0.63;10.88
07/01/2022 10:02;0.97;14.2;37.83;10.08;8.27;0.56;10.89
07/01/2022 10:17;0.98;14.18;37.82;10.07;8.27;0.57;10.85
07/01/2022 10:32;0.94;14.16;37.8;10.06;8.27;0.59;10.87
07/01/2022 10:47;0.96;14.27;37.91;10.03;8.27;0.61;10.88
07/01/2022 11:02;0.91;14.14;37.77;10.06;8.27;0.61;10.89
07/01/2022 11:17;0.94;14.24;37.9;10.02;8.27;0.64;10.84
07/01/2022 11:32;0.99;14.26;37.91;10.02;8.27;0.75;10.87
07/01/2022 11:47;0.96;14.27;37.92;10.02;8.27;0.66;10.88
07/01/2022 12:02;0.93;14.27;37.91;10.01;8.27;0.61;10.89
07/01/2022 12:17;0.93;14.29;37.91;10.01;8.28;0.57;10.85
07/01/2022 12:32;0.96;14.31;37.92;10.02;8.28;0.63;10.87
07/01/2022 12:47;0.94;14.32;37.92;10.01;8.28;0.63;10.88
07/01/2022 13:02;0.93;14.35;37.94;10.01;8.28;0.64;10.89
07/01/2022 13:17;0.89;14.39;37.94;10.01;8.28;0.48;10.84
07/01/2022 13:32;0.99;14.4;37.94;10.02;8.28;0.51;10.87
07/01/2022 13:47;0.93;14.37;37.94;10.03;8.28;0.64;10.88
07/01/2022 14:02;0.93;14.4;37.95;10.03;8.28;0.6;10.89
07/01/2022 14:17;0.91;14.13;37.79;10.11;8.28;0.76;10.85
07/01/2022 14:32;0.92;14.19;37.68;10.1;8.28;0.63;10.87
07/01/2022 14:47;0.92;14.09;37.76;10.13;8.28;0.48;10.88
07/01/2022 15:02;0.95;14.21;37.7;10.1;8.28;0.54;10.89
07/01/2022 15:17;0.97;14.03;37.74;10.11;8.28;0.58;10.85
07/01/2022 15:32;0.91;14.08;37.81;10.09;8.28;0.56;10.87
07/01/2022 15:47;0.95;14.17;37.81;10.06;8.28;0.55;10.88
07/01/2022 16:02;0.93;14.15;37.83;10.06;8.28;0.57;10.89
07/01/2022 16:17;0.93;14.13;37.83;10.05;8.28;0.69;10.85
07/01/2022 16:32;0.93;14.09;37.81;10.06;8.28;0.58;10.87
07/01/2022 16:47;0.85;14.03;37.77;10.07;8.28;0.61;10.88
07/01/2022 17:02;0.82;13.94;37.71;10.09;8.28;0.54;10.89
07/01/2022 17:17;0.97;14.05;37.73;10.06;8.27;0.56;10.84
07/01/2022 17:32;0.77;14.1;37.74;10.05;8.28;0.52;10.87
07/01/2022 17:47;0.9;14.02;37.76;10.06;8.28;0.55;10.88
07/01/2022 18:02;0.89;13.97;37.76;10.08;8.28;0.54;10.88
07/01/2022 18:17;0.95;13.99;37.8;10.05;8.27;0.52;10.85
07/01/2022 18:32;0.9;14.01;37.77;10.06;8.28;0.53;10.87
07/01/2022 18:47;0.93;14.22;37.9;10;8.27;0.37;10.88
07/01/2022 19:02;0.89;14.34;37.94;9.96;8.27;0.34;10.88
07/01/2022 19:17;0.92;14.36;37.95;9.97;8.27;0.3;10.84
07/01/2022 19:32;0.9;14.36;37.94;9.98;8.27;0.3;10.81
07/01/2022 19:21;0.93;14.37;37.95;9.98;8.27;0.29;10.71
07/01/2022 19:36;0.95;14.35;37.95;9.99;8.27;0.25;10.81
07/01/2022 19:51;0.85;14.39;37.95;9.99;8.27;0.35;10.85
07/01/2022 20:06;0.99;14.37;37.95;10;8.27;0.23;10.86
07/01/2022 20:21;0.93;14.4;37.96;10.01;8.27;0.26;10.85
07/01/2022 20:36;0.98;14.28;37.84;10.06;8.27;0.18;10.87
07/01/2022 20:51;0.93;14.13;37.61;10.11;8.27;0.18;10.88
07/01/2022 21:06;0.86;14.26;37.8;10.08;8.27;0.2;10.88
07/01/2022 21:21;0.93;14.32;37.87;10.07;8.27;0.19;10.86
07/01/2022 21:36;0.91;14.39;37.93;10.06;8.27;0.22;10.87
07/01/2022 21:51;1.04;14.44;37.96;10.05;8.27;0.22;10.88
07/01/2022 22:06;0.97;14.44;37.97;10.06;8.27;0.18;10.88
07/01/2022 22:21;0.89;14.45;37.97;10.06;8.27;0.21;10.85
07/01/2022 22:36;1;14.46;37.97;10.06;8.26;0.17;10.87
07/01/2022 22:51;0.96;14.47;37.97;10.07;8.26;0.18;10.88
07/01/2022 23:06;0.86;14.46;37.97;10.07;8.26;0.19;10.89
07/01/2022 23:21;0.97;14.46;37.97;10.08;8.26;0.24;10.85
07/01/2022 23:36;0.94;14.46;37.97;10.08;8.26;0.19;10.87
07/01/2022 23:51;0.91;14.46;37.97;10.08;8.26;0.2;10.88
08/01/2022 00:06;0.9;14.46;37.97;10.08;8.26;0.25;10.88
08/01/2022 00:21;0.86;14.46;37.97;10.09;8.26;0.24;10.86
08/01/2022 00:36;0.87;14.46;37.97;10.09;8.26;0.21;10.88
08/01/2022 00:51;0.91;14.46;37.98;10.09;8.26;0.23;10.88
08/01/2022 01:06;1;14.45;37.97;10.1;8.26;0.37;10.89
08/01/2022 01:21;0.9;14.45;37.97;10.1;8.26;0.43;10.86
08/01/2022 01:36;0.93;14.44;37.98;10.1;8.26;0.45;10.88
08/01/2022 01:51;0.93;14.45;37.97;10.1;8.26;0.57;10.88
08/01/2022 02:06;0.88;14.44;37.98;10.1;8.26;0.6;10.89
08/01/2022 02:21;0.93;14.45;37.98;10.09;8.26;0.6;10.85
08/01/2022 02:36;0.95;14.42;37.97;10.1;8.26;0.66;10.87
08/01/2022 02:51;0.92;14.43;37.98;10.1;8.26;0.61;10.88
08/01/2022 03:06;0.89;14.43;37.98;10.1;8.26;0.57;10.88
08/01/2022 03:21;0.9;14.43;37.98;10.1;8.26;0.66;10.86
08/01/2022 03:36;0.96;14.42;37.97;10.09;8.26;0.61;10.87
08/01/2022 03:51;0.84;14.41;37.98;10.1;8.26;0.59;10.88
08/01/2022 04:06;0.88;14.4;37.98;10.1;8.26;0.72;10.88
08/01/2022 04:21;0.93;14.4;37.98;10.09;8.26;0.68;10.85
08/01/2022 04:36;0.85;14.41;37.98;10.09;8.26;0.62;10.87
08/01/2022 04:51;0.86;14.41;37.97;10.09;8.26;0.56;10.88
08/01/2022 05:06;0.84;14.34;37.97;10.11;8.26;0.68;10.88
08/01/2022 05:21;0.98;14.35;37.95;10.11;8.26;0.56;10.86
08/01/2022 05:36;0.9;14.33;37.96;10.12;8.26;0.59;10.87
08/01/2022 05:51;0.83;14.34;37.96;10.12;8.26;0.67;10.88
08/01/2022 06:06;0.92;14.32;37.96;10.13;8.26;0.69;10.88
08/01/2022 06:21;0.92;14.29;37.95;10.15;8.26;0.52;10.86
08/01/2022 06:36;0.83;14.29;37.95;10.15;8.26;0.55;10.87
08/01/2022 06:51;0.93;14.3;37.95;10.15;8.26;0.51;10.88
08/01/2022 07:06;0.89;14.3;37.95;10.16;8.26;0.57;10.88
08/01/2022 07:21;0.9;14.3;37.95;10.16;8.26;0.53;10.85
08/01/2022 07:36;0.99;14.32;37.95;10.15;8.26;0.65;10.87
08/01/2022 07:51;0.85;14.31;37.95;10.16;8.26;0.62;10.88
08/01/2022 08:06;0.86;14.29;37.95;10.17;8.26;0.6;10.88
08/01/2022 08:21;0.89;14.29;37.95;10.17;8.27;0.55;10.85
08/01/2022 08:36;0.86;14.29;37.95;10.17;8.27;0.61;10.87
08/01/2022 08:51;0.9;14.37;37.98;10.14;8.27;0.61;10.88
08/01/2022 09:06;0.9;14.38;37.98;10.13;8.27;0.66;10.88
08/01/2022 09:21;0.89;14.39;37.98;10.12;8.27;0.66;10.86
08/01/2022 09:36;0.91;14.39;37.98;10.12;8.27;0.63;10.87
08/01/2022 09:51;0.96;14.39;37.99;10.11;8.27;0.66;10.88
08/01/2022 10:06;0.93;14.39;37.98;10.11;8.27;0.57;10.88
08/01/2022 10:21;0.99;14.39;37.99;10.1;8.27;0.55;10.85
08/01/2022 10:36;0.88;14.39;37.99;10.1;8.27;0.52;10.87
08/01/2022 10:51;0.87;14.38;37.99;10.1;8.27;0.6;10.88
08/01/2022 11:06;0.89;14.39;37.99;10.1;8.27;0.67;10.88
08/01/2022 11:21;0.89;14.38;37.99;10.1;8.27;0.57;10.85
08/01/2022 11:36;0.98;14.38;37.99;10.1;8.27;0.63;10.87
08/01/2022 11:51;0.87;14.39;37.99;10.1;8.26;0.64;10.88
08/01/2022 12:06;0.8;14.38;37.99;10.1;8.27;0.55;10.88
08/01/2022 12:21;0.82;14.38;37.99;10.1;8.27;0.69;10.86
08/01/2022 12:36;0.88;14.37;37.99;10.1;8.27;0.53;10.87
08/01/2022 12:51;0.9;14.38;37.99;10.1;8.27;0.62;10.88
08/01/2022 13:06;0.87;14.37;37.99;10.1;8.27;0.58;10.88
08/01/2022 13:21;0.79;14.38;37.99;10.1;8.27;0.56;10.85
08/01/2022 13:36;0.88;14.37;37.98;10.1;8.27;0.53;10.87
08/01/2022 13:51;0.9;14.37;37.99;10.1;8.27;0.55;10.88
08/01/2022 14:06;0.79;14.36;37.98;10.1;8.27;0.63;10.88
08/01/2022 14:21;0.93;14.37;37.99;10.09;8.27;0.56;10.85
08/01/2022 14:36;1.03;14.37;37.98;10.09;8.27;0.73;10.87
08/01/2022 14:51;0.84;14.36;37.98;10.09;8.27;0.61;10.88
08/01/2022 15:06;0.71;14.36;37.99;10.1;8.27;0.51;10.88
08/01/2022 15:21;0.82;14.35;37.98;10.1;8.27;0.53;10.85
08/01/2022 15:36;0.91;14.33;37.97;10.11;8.27;0.66;10.87
08/01/2022 15:51;0.96;14.32;37.98;10.12;8.27;0.5;10.88
08/01/2022 16:06;0.93;14.31;37.97;10.14;8.27;0.59;10.88
08/01/2022 16:21;0.72;14.33;37.98;10.13;8.27;0.51;10.84
08/01/2022 16:36;0.8;14.33;37.98;10.14;8.27;0.57;10.86
08/01/2022 16:51;0.83;14.32;37.98;10.15;8.27;0.49;10.87
08/01/2022 17:06;0.94;14.33;37.98;10.14;8.27;0.68;10.88
08/01/2022 17:21;0.92;14.34;37.98;10.13;8.27;0.6;10.85
08/01/2022 17:36;0.83;14.36;37.99;10.13;8.27;0.57;10.87
08/01/2022 17:51;0.66;14.35;37.99;10.13;8.27;0.57;10.88
08/01/2022 18:06;0.85;14.35;37.99;10.12;8.27;0.49;10.88
08/01/2022 18:21;0.8;14.35;37.99;10.11;8.27;0.51;10.85
08/01/2022 18:36;0.76;14.36;37.99;10.11;8.27;0.5;10.87
08/01/2022 18:51;0.85;14.36;37.99;10.11;8.27;0.56;10.88
08/01/2022 19:06;0.77;14.35;38;10.11;8.27;0.46;10.88
08/01/2022 19:21;0.86;14.35;38;10.11;8.27;0.37;10.84
08/01/2022 19:36;0.64;14.35;38;10.11;8.27;0.42;10.81
08/01/2022 19:26;0.76;14.36;37.99;10.1;8.27;0.38;10.7
08/01/2022 19:41;0.76;14.36;38;10.11;8.27;0.46;10.8
08/01/2022 19:56;0.77;14.35;38;10.12;8.27;0.3;10.83
08/01/2022 20:11;0.74;14.36;38;10.11;8.26;0.42;10.8
08/01/2022 20:26;0.77;14.35;38;10.1;8.27;0.48;10.85
08/01/2022 20:41;0.84;14.35;37.99;10.11;8.27;0.5;10.86
08/01/2022 20:56;0.89;14.35;38;10.1;8.27;0.45;10.87
08/01/2022 21:11;0.63;14.36;38;10.11;8.25;0.41;10.81
08/01/2022 21:26;0.89;14.36;38;10.11;8.26;0.48;10.85
08/01/2022 21:41;0.81;14.36;38;10.11;8.26;0.45;10.87
08/01/2022 21:56;0.76;14.35;38;10.11;8.26;0.47;10.87
08/01/2022 22:11;0.81;14.35;38;10.11;8.23;0.65;10.79
08/01/2022 22:26;0.71;14.35;38;10.11;8.26;0.48;10.85
08/01/2022 22:41;0.8;14.33;37.99;10.13;8.26;0.29;10.87
08/01/2022 22:56;0.81;14.33;37.99;10.13;8.26;0.26;10.87
08/01/2022 23:11;0.88;14.31;37.98;10.15;8.25;0.38;10.81
08/01/2022 23:26;0.68;14.25;37.96;10.17;8.26;0.34;10.85
08/01/2022 23:41;0.8;14.26;37.96;10.21;8.25;0.28;10.86
08/01/2022 23:56;0.81;14.33;37.98;10.2;8.26;0.39;10.87
09/01/2022 00:11;0.74;14.34;37.98;10.19;8.22;0.6;10.79
09/01/2022 00:26;0.81;14.35;37.98;10.19;8.26;0.52;10.85
09/01/2022 00:41;0.92;14.35;37.98;10.18;8.26;0.4;10.86
09/01/2022 00:56;0.72;14.35;37.98;10.15;8.26;0.47;10.87
09/01/2022 01:11;0.87;14.34;37.98;10.14;8.25;0.5;10.81
09/01/2022 01:26;0.77;14.34;37.98;10.12;8.26;0.69;10.85
09/01/2022 01:41;0.78;14.33;37.97;10.13;8.26;0.56;10.86
09/01/2022 01:56;0.9;14.32;37.97;10.13;8.26;0.62;10.87
09/01/2022 02:11;0.83;14.32;37.97;10.13;8.25;0.63;10.81
09/01/2022 02:26;0.81;14.27;37.96;10.14;8.26;0.79;10.85
09/01/2022 02:41;0.81;14.27;37.96;10.14;8.26;0.8;10.87
09/01/2022 02:56;0.91;14.27;37.96;10.14;8.26;0.85;10.87
09/01/2022 03:11;0.77;14.22;37.94;10.15;8.21;0.59;10.78
09/01/2022 03:26;0.76;14.22;37.95;10.15;8.26;0.67;10.85
09/01/2022 03:41;0.82;14.2;37.94;10.16;8.25;0.7;10.86
09/01/2022 03:56;0.81;14.2;37.94;10.17;8.25;0.57;10.87
09/01/2022 04:11;0.84;14.17;37.93;10.2;8.25;0.79;10.81
09/01/2022 04:26;0.77;14.17;37.92;10.21;8.25;0.61;10.85
09/01/2022 04:41;0.8;14.16;37.92;10.23;8.25;0.75;10.86
09/01/2022 04:56;0.9;14.16;37.93;10.23;8.25;0.61;10.87
09/01/2022 05:11;0.9;14.15;37.92;10.23;8.25;0.67;10.81
09/01/2022 05:26;0.87;14.11;37.92;10.23;8.25;0.75;10.85
09/01/2022 05:41;0.89;14.12;37.92;10.23;8.25;0.6;10.87
09/01/2022 05:56;0.79;14.15;37.93;10.21;8.26;0.58;10.87
09/01/2022 06:11;0.71;14.14;37.93;10.21;8.22;0.72;10.79
09/01/2022 06:26;0.79;14.16;37.94;10.19;8.25;0.71;10.84
09/01/2022 06:41;0.75;14.16;37.94;10.19;8.25;0.59;10.86
09/01/2022 06:56;0.84;14.17;37.94;10.18;8.25;0.64;10.86
09/01/2022 07:11;0.99;14.17;37.95;10.19;8.24;0.87;10.81
09/01/2022 07:26;0.83;14.17;37.95;10.18;8.26;0.62;10.85
09/01/2022 07:41;0.8;14.18;37.95;10.18;8.26;0.61;10.86
09/01/2022 07:56;0.86;14.19;37.95;10.18;8.26;0.62;10.87
09/01/2022 08:11;0.73;14.18;37.95;10.18;8.21;0.7;10.78
09/01/2022 08:26;0.83;14.18;37.95;10.17;8.26;0.59;10.84
09/01/2022 08:41;0.81;14.16;37.95;10.18;8.26;0.72;10.86
09/01/2022 08:56;0.81;14.18;37.95;10.17;8.26;0.62;10.87
09/01/2022 09:11;0.79;14.2;37.95;10.16;8.25;0.68;10.81
09/01/2022 09:26;0.79;14.15;37.95;10.18;8.26;0.55;10.85
09/01/2022 09:41;0.78;14.17;37.95;10.15;8.26;0.6;10.86
09/01/2022 09:56;0.93;14.16;37.95;10.14;8.26;0.55;10.87
09/01/2022 10:11;0.96;14.18;37.95;10.11;8.25;0.62;10.81
09/01/2022 10:26;0.77;14.17;37.95;10.12;8.26;0.76;10.85
09/01/2022 10:41;0.73;14.13;37.95;10.14;8.26;0.61;10.86
09/01/2022 10:56;0.83;14.15;37.94;10.14;8.26;0.58;10.86
09/01/2022 11:11;0.85;14.14;37.94;10.15;8.23;0.59;10.78
09/01/2022 11:26;0.69;14.1;37.94;10.16;8.26;0.56;10.84
09/01/2022 11:41;0.81;14.03;37.89;10.22;8.26;0.58;10.86
09/01/2022 11:56;0.94;14;37.89;10.25;8.26;0.59;10.86
09/01/2022 12:11;0.82;13.98;37.93;10.25;8.25;0.54;10.81
09/01/2022 12:26;0.75;13.97;37.88;10.29;8.26;0.64;10.85
09/01/2022 12:41;0.82;13.95;37.89;10.28;8.26;0.57;10.86
09/01/2022 12:56;0.86;13.98;37.91;10.25;8.26;0.6;10.86
09/01/2022 13:11;0.74;14.04;37.92;10.22;8.26;0.55;10.81
09/01/2022 13:26;0.81;14.08;37.95;10.18;8.26;0.63;10.85
09/01/2022 13:41;0.87;14.02;37.93;10.18;8.26;0.6;10.86
09/01/2022 13:56;0.84;14.05;37.93;10.17;8.26;0.58;10.86
09/01/2022 14:11;0.85;14.04;37.94;10.16;8.23;0.58;10.78
09/01/2022 14:26;0.85;14.09;37.94;10.15;8.26;0.72;10.84
09/01/2022 14:41;0.86;14.13;37.95;10.14;8.26;0.65;10.85
09/01/2022 14:56;0.86;14.13;37.95;10.14;8.26;0.7;10.86
09/01/2022 15:11;0.92;14.14;37.95;10.13;8.26;0.65;10.81
09/01/2022 15:26;0.86;14.11;37.95;10.13;8.26;0.59;10.85
09/01/2022 15:41;0.77;14.12;37.95;10.13;8.26;0.65;10.86
09/01/2022 15:56;0.85;14.07;37.94;10.15;8.26;0.57;10.87
09/01/2022 16:11;0.88;14.05;37.92;10.15;8.24;0.76;10.78
09/01/2022 16:26;0.84;14.08;37.95;10.14;8.26;0.58;10.84
09/01/2022 16:41;0.85;14.05;37.94;10.15;8.27;0.68;10.86
09/01/2022 16:56;0.81;14.05;37.94;10.15;8.27;0.63;10.86
09/01/2022 17:11;0.84;14.08;37.94;10.15;8.26;0.58;10.8
09/01/2022 17:26;0.85;14.08;37.94;10.15;8.27;0.77;10.85
09/01/2022 17:41;0.88;14.08;37.94;10.14;8.27;0.67;10.86
09/01/2022 17:56;0.75;14.07;37.94;10.15;8.27;0.71;10.86
09/01/2022 18:11;0.87;14.07;37.96;10.14;8.26;0.63;10.81
09/01/2022 18:26;0.86;14.11;37.95;10.13;8.27;0.59;10.85
09/01/2022 18:41;0.81;14.1;37.95;10.14;8.27;0.59;10.86
09/01/2022 18:56;0.88;14.1;37.95;10.14;8.26;0.5;10.87
09/01/2022 19:11;0.83;14.09;37.95;10.14;8.24;0.34;10.78
09/01/2022 19:26;0.82;14.13;37.95;10.13;8.26;0.35;10.84
09/01/2022 19:41;0.87;14.13;37.95;10.13;8.26;0.34;10.81
09/01/2022 19:30;0.84;14.13;37.95;10.14;8.26;0.44;10.7
09/01/2022 19:45;0.88;14.13;37.95;10.14;8.26;0.36;10.8
09/01/2022 20:00;0.86;14.14;37.95;10.15;8.26;0.31;10.83
09/01/2022 20:15;0.85;14.12;37.95;10.16;8.26;0.32;10.82
09/01/2022 20:30;0.89;14.11;37.95;10.16;8.26;0.39;10.84
09/01/2022 20:45;0.89;14.1;37.95;10.17;8.26;0.38;10.86
09/01/2022 21:00;0.85;14.13;37.95;10.17;8.26;0.27;10.86
09/01/2022 21:15;0.87;14.15;37.96;10.17;8.26;0.21;10.83
09/01/2022 21:30;0.89;14.17;37.96;10.17;8.26;0.29;10.85
09/01/2022 21:45;0.86;14.17;37.96;10.17;8.26;0.43;10.86
09/01/2022 22:00;0.88;14.14;37.96;10.18;8.26;0.45;10.87
09/01/2022 22:15;0.86;14.13;37.96;10.18;8.26;0.37;10.83
09/01/2022 22:30;0.86;14.14;37.96;10.18;8.26;0.26;10.85
09/01/2022 22:45;0.93;14.16;37.96;10.18;8.26;0.32;10.86
09/01/2022 23:00;0.88;14.15;37.96;10.19;8.26;0.47;10.87
09/01/2022 23:15;0.82;14.14;37.96;10.19;8.26;0.37;10.81
09/01/2022 23:30;0.84;14.14;37.96;10.19;8.26;0.51;10.85
09/01/2022 23:45;0.84;14.15;37.96;10.19;8.26;0.61;10.86
10/01/2022 00:00;0.87;14.13;37.95;10.19;8.26;0.5;10.87
10/01/2022 00:15;0.84;14.13;37.96;10.19;8.26;0.49;10.83
10/01/2022 00:30;0.88;14.13;37.96;10.2;8.26;0.51;10.85
10/01/2022 00:45;0.88;14.12;37.96;10.2;8.26;0.47;10.86
10/01/2022 01:00;0.9;14.14;37.96;10.19;8.26;0.46;10.87
10/01/2022 01:15;0.89;14.15;37.96;10.19;8.26;0.53;10.83
10/01/2022 01:30;0.85;14.15;37.96;10.19;8.26;0.38;10.85
10/01/2022 01:45;0.86;14.14;37.96;10.19;8.26;0.49;10.86
10/01/2022 02:00;0.89;14.15;37.96;10.19;8.26;0.57;10.87
10/01/2022 02:15;0.89;14.15;37.96;10.18;8.26;0.7;10.81
10/01/2022 02:30;0.87;14.14;37.97;10.18;8.26;0.79;10.85
10/01/2022 02:45;0.82;14.16;37.97;10.18;8.26;0.79;10.86
10/01/2022 03:00;0.9;14.17;37.97;10.18;8.26;0.77;10.87
10/01/2022 03:15;0.9;14.16;37.97;10.18;8.26;0.72;10.83
10/01/2022 03:30;0.97;14.19;37.98;10.17;8.26;0.61;10.85
10/01/2022 03:45;0.85;14.2;37.98;10.17;8.26;0.71;10.86
10/01/2022 04:00;0.91;14.19;37.98;10.18;8.26;0.66;10.87
10/01/2022 04:15;0.93;14.2;37.99;10.18;8.26;0.69;10.81
10/01/2022 04:30;0.92;14.21;38;10.18;8.26;0.66;10.85
10/01/2022 04:45;0.95;14.23;38;10.18;8.26;0.74;10.86
10/01/2022 05:00;0.92;14.23;38;10.18;8.26;0.74;10.87
10/01/2022 05:15;0.89;14.21;38.01;10.19;8.26;0.64;10.83
10/01/2022 05:30;0.98;14.24;38;10.19;8.26;0.65;10.85
10/01/2022 05:45;0.93;14.19;38;10.21;8.26;0.75;10.86
10/01/2022 06:00;0.96;14.22;38;10.19;8.26;0.74;10.87
10/01/2022 06:15;0.96;14.23;38;10.2;8.26;0.67;10.81
10/01/2022 06:30;0.92;14.23;38;10.2;8.26;0.69;10.85
10/01/2022 06:45;0.97;14.23;38.01;10.2;8.26;0.88;10.86
10/01/2022 07:00;0.91;14.23;38;10.2;8.26;0.69;10.86
10/01/2022 07:15;0.94;14.21;38;10.2;8.26;0.67;10.83
10/01/2022 07:30;0.95;14.22;38;10.2;8.26;0.69;10.85
10/01/2022 07:45;0.89;14.22;38.01;10.2;8.26;0.64;10.86
10/01/2022 08:00;0.99;14.2;38.01;10.21;8.26;0.77;10.87
10/01/2022 08:15;0.91;14.22;38.01;10.21;8.26;0.67;10.81
10/01/2022 08:30;0.86;14.2;38.01;10.21;8.26;0.75;10.84
10/01/2022 08:45;0.97;14.19;38.01;10.21;8.26;0.68;10.86
10/01/2022 09:00;0.92;14.19;38.02;10.2;8.26;0.64;10.86
10/01/2022 09:15;0.94;14.18;38.01;10.21;8.26;0.78;10.83
10/01/2022 09:30;0.95;14.2;38.01;10.2;8.26;0.55;10.85
10/01/2022 09:45;0.97;14.17;38.01;10.2;8.26;0.67;10.86
10/01/2022 10:00;0.93;14.17;38.01;10.2;8.26;0.69;10.87
10/01/2022 10:15;0.93;14.14;38;10.21;8.26;0.68;10.82
10/01/2022 10:30;0.98;14.2;38.01;10.19;8.26;0.62;10.85
10/01/2022 10:45;1.02;14.21;38.01;10.17;8.26;0.62;10.86
10/01/2022 11:00;1;14.21;38.01;10.17;8.26;0.68;10.86
10/01/2022 11:15;0.97;14.19;38.01;10.18;8.26;0.66;10.82
10/01/2022 11:30;0.99;14.22;38.01;10.16;8.26;0.83;10.85
10/01/2022 11:45;0.93;14.21;38.01;10.16;8.26;0.75;10.86
10/01/2022 12:00;0.95;14.21;38.01;10.17;8.26;0.62;10.86
10/01/2022 12:15;0.96;14.19;38.01;10.17;8.26;0.64;10.81
10/01/2022 12:30;0.96;14.16;38.01;10.18;8.26;0.76;10.84
10/01/2022 12:45;0.99;14.18;38.01;10.18;8.26;0.66;10.86
10/01/2022 13:00;0.89;14.01;37.99;10.22;8.26;0.66;10.86
10/01/2022 13:15;0.97;13.88;37.89;10.26;8.27;0.79;10.82
10/01/2022 13:30;0.92;13.87;37.88;10.26;8.27;0.68;10.85
10/01/2022 13:45;0.96;13.89;37.89;10.24;8.27;0.66;10.86
10/01/2022 14:00;0.96;13.88;37.89;10.23;8.27;0.66;10.86
10/01/2022 14:15;0.96;13.97;37.94;10.21;8.27;0.7;10.81
10/01/2022 14:30;1;14.02;37.96;10.19;8.27;0.69;10.84
10/01/2022 14:45;0.96;13.99;37.93;10.19;8.27;0.64;10.85
10/01/2022 15:00;0.95;14.07;37.98;10.17;8.27;0.66;10.86
10/01/2022 15:15;0.94;14.04;37.96;10.18;8.27;0.62;10.82
10/01/2022 15:30;0.98;14.06;37.97;10.18;8.27;0.59;10.85
10/01/2022 15:45;1;14.06;37.97;10.19;8.27;0.72;10.86
10/01/2022 16:00;1;14.17;38;10.16;8.27;0.69;10.86
10/01/2022 16:15;0.97;14.02;37.96;10.21;8.27;0.71;10.82
10/01/2022 16:30;0.97;14.06;37.96;10.2;8.27;0.66;10.85
10/01/2022 16:45;0.94;14;37.93;10.22;8.27;0.57;10.86
10/01/2022 17:00;0.95;14;37.94;10.22;8.27;0.65;10.86
10/01/2022 17:15;0.96;14;37.95;10.22;8.27;0.64;10.81
10/01/2022 17:30;0.97;13.96;37.95;10.22;8.27;0.6;10.84
10/01/2022 17:45;1.01;13.94;37.92;10.22;8.27;0.64;10.85
10/01/2022 18:00;0.93;13.96;37.93;10.21;8.27;0.69;10.86
10/01/2022 18:15;0.94;14.04;37.95;10.18;8.27;0.55;10.82
10/01/2022 18:30;0.97;13.96;37.94;10.19;8.27;0.59;10.85
10/01/2022 18:45;0.96;14.05;37.96;10.17;8.27;0.41;10.86
10/01/2022 19:00;1.02;14.03;37.96;10.17;8.27;0.33;10.86
10/01/2022 19:15;0.99;13.93;37.93;10.2;8.26;0.3;10.82
10/01/2022 19:30;1.01;13.97;37.93;10.19;8.26;0.25;10.85
10/01/2022 19:45;0.93;13.97;37.93;10.18;8.26;0.29;10.82
10/01/2022 19:34;0.99;13.95;37.93;10.19;8.26;0.25;10.69
10/01/2022 19:49;0.97;13.93;37.91;10.18;8.26;0.21;10.79
10/01/2022 20:04;0.92;14;37.92;10.17;8.26;0.22;10.82
10/01/2022 20:19;0.99;14.02;37.94;10.17;8.26;0.23;10.82
10/01/2022 20:34;0.97;14.02;37.93;10.17;8.26;0.22;10.84
10/01/2022 20:49;0.98;14.05;37.95;10.17;8.26;0.21;10.85
10/01/2022 21:04;0.98;14.07;37.94;10.17;8.26;0.22;10.86
10/01/2022 21:19;1.01;14.07;37.93;10.18;8.26;0.21;10.82
10/01/2022 21:34;1.06;14.03;37.89;10.2;8.26;0.17;10.84
10/01/2022 21:49;0.97;14.09;37.92;10.19;8.26;0.14;10.85
10/01/2022 22:04;0.96;14.15;37.95;10.18;8.26;0.17;10.86
10/01/2022 22:19;0.92;14.09;37.82;10.22;8.26;0.15;10.83
10/01/2022 22:34;0.98;14.1;37.86;10.23;8.26;0.14;10.85
10/01/2022 22:49;0.99;14.14;37.8;10.21;8.26;0.18;10.86
10/01/2022 23:04;0.93;14.17;37.86;10.21;8.26;0.15;10.86
10/01/2022 23:19;0.93;14.2;37.96;10.2;8.26;0.15;10.83
10/01/2022 23:34;0.99;14.2;37.97;10.2;8.26;0.22;10.85
10/01/2022 23:49;1.01;14.18;37.96;10.21;8.26;0.16;10.86
11/01/2022 00:04;0.93;14.18;37.96;10.2;8.25;0.2;10.86
11/01/2022 00:19;0.86;14.17;37.94;10.21;8.25;0.19;10.82
11/01/2022 00:34;1.04;14.17;37.96;10.2;8.25;0.22;10.85
11/01/2022 00:49;0.98;14.18;37.98;10.19;8.25;0.23;10.86
11/01/2022 01:04;0.99;14.17;37.98;10.19;8.25;0.3;10.86
11/01/2022 01:19;0.9;14.17;37.99;10.19;8.25;0.35;10.83
11/01/2022 01:34;0.99;14.17;37.99;10.19;8.25;0.47;10.85
11/01/2022 01:49;0.99;14.17;37.99;10.19;8.26;0.59;10.86
11/01/2022 02:04;0.96;14.16;37.99;10.2;8.26;0.61;10.86
11/01/2022 02:19;0.99;14.16;37.99;10.2;8.26;0.79;10.82
11/01/2022 02:34;1;14.15;37.99;10.21;8.26;0.68;10.85
11/01/2022 02:49;1;14.16;37.99;10.21;8.26;0.73;10.86
11/01/2022 03:04;0.97;14.12;37.99;10.23;8.26;0.66;10.86
11/01/2022 03:19;1.02;14.16;38.01;10.22;8.26;0.7;10.83
11/01/2022 03:34;1.02;14.15;38.01;10.22;8.26;0.78;10.85
11/01/2022 03:49;0.94;14.16;38;10.22;8.26;0.73;10.86
11/01/2022 04:04;1.05;13.98;37.9;10.28;8.26;0.73;10.86
11/01/2022 04:19;0.99;13.94;37.86;10.28;8.26;0.65;10.83
11/01/2022 04:34;0.98;13.93;37.86;10.28;8.26;0.7;10.85
11/01/2022 04:49;0.98;13.9;37.84;10.28;8.26;0.68;10.86
11/01/2022 05:04;1.01;13.91;37.83;10.27;8.26;0.67;10.86
11/01/2022 05:19;1.05;13.94;37.87;10.26;8.26;0.64;10.81
11/01/2022 05:34;1;13.91;37.89;10.26;8.26;0.7;10.84
11/01/2022 05:49;1.03;13.96;37.9;10.25;8.26;0.69;10.85
11/01/2022 06:04;1.02;13.86;37.85;10.27;8.26;0.67;10.86
11/01/2022 06:19;1.04;13.85;37.79;10.27;8.26;0.76;10.83
11/01/2022 06:34;1;13.98;37.88;10.23;8.26;0.86;10.85
11/01/2022 06:49;1.07;14.08;38.04;10.18;8.26;0.75;10.86
11/01/2022 07:04;1.05;14.18;38.02;10.16;8.26;0.7;10.86
11/01/2022 07:19;0.96;14.12;38.02;10.18;8.26;0.77;10.82
11/01/2022 07:34;1.06;14.11;38.01;10.18;8.26;0.75;10.84
11/01/2022 07:49;0.98;14.13;38.01;10.17;8.26;0.79;10.85
11/01/2022 08:04;0.91;14.14;38.01;10.17;8.26;0.72;10.86
11/01/2022 08:19;1.07;14.13;38.01;10.17;8.26;0.66;10.83
11/01/2022 08:34;1;14.12;38.02;10.17;8.26;0.86;10.85
11/01/2022 08:49;0.98;14.13;38.04;10.16;8.26;0.66;10.86
11/01/2022 09:04;1.03;14.13;38.03;10.16;8.26;0.7;10.86
11/01/2022 09:19;1.02;14.16;38.01;10.15;8.26;0.77;10.83
11/01/2022 09:34;1.04;14.15;38.02;10.15;8.26;0.7;10.85
11/01/2022 09:49;1.06;14.15;38.02;10.15;8.26;0.73;10.86
11/01/2022 10:04;1.04;14.16;38.02;10.15;8.26;0.67;10.86
11/01/2022 10:19;0.99;14.13;38.01;10.16;8.26;0.72;10.82
11/01/2022 10:34;0.99;14.14;38.02;10.15;8.26;0.77;10.84
11/01/2022 10:49;1.05;14.14;38.02;10.16;8.26;0.72;10.85
11/01/2022 11:04;0.96;14.15;38.03;10.16;8.26;0.65;10.86
11/01/2022 11:19;0.91;14.07;38.01;10.19;8.26;0.68;10.83
11/01/2022 11:34;1.11;14.08;38.02;10.19;8.26;0.8;10.85
11/01/2022 11:49;1.01;14.07;38.01;10.19;8.26;0.8;10.86
11/01/2022 12:04;1.07;14.09;38.01;10.19;8.26;0.66;10.86
11/01/2022 12:19;1.02;14.1;38.02;10.18;8.26;0.83;10.82
11/01/2022 12:34;0.84;14.07;38.01;10.19;8.26;0.73;10.84
11/01/2022 12:49;1.14;14.08;38.02;10.19;8.26;0.7;10.85
11/01/2022 13:04;1.04;14.08;38.01;10.19;8.26;0.67;10.86
11/01/2022 13:19;1.1;14.07;38.01;10.19;8.26;0.73;10.83
11/01/2022 13:34;1.02;14.06;38.01;10.19;8.26;0.76;10.85
11/01/2022 13:49;1.02;14.08;38.02;10.18;8.26;0.7;10.86
11/01/2022 14:04;0.97;14.08;38.02;10.18;8.26;0.64;10.86
11/01/2022 14:19;1.04;14.06;38.02;10.18;8.26;0.63;10.82
11/01/2022 14:34;0.97;14.1;38.03;10.16;8.26;0.75;10.84
11/01/2022 14:49;1.03;14.07;38.04;10.17;8.26;0.79;10.85
11/01/2022 15:04;1.09;14.09;38.04;10.16;8.26;0.68;10.86
11/01/2022 15:19;1;14.09;38.03;10.16;8.26;0.67;10.83
11/01/2022 15:34;1.06;14.1;38.03;10.15;8.26;0.81;10.85
11/01/2022 15:49;1.05;14.08;38.03;10.16;8.26;0.98;10.86
11/01/2022 16:04;1.06;14.09;38.03;10.15;8.26;0.73;10.86
11/01/2022 16:19;1.05;14.08;38.03;10.15;8.26;0.72;10.83
11/01/2022 16:34;0.98;14.07;38.02;10.16;8.26;0.73;10.85
11/01/2022 16:49;1.02;14.08;38.04;10.15;8.26;0.94;10.86
11/01/2022 17:04;1.03;14.04;38.02;10.16;8.27;0.83;10.86
11/01/2022 17:19;1.02;14;38.02;10.17;8.27;0.81;10.82
11/01/2022 17:34;1.04;14.08;38.03;10.15;8.27;1.12;10.84
11/01/2022 17:49;1.04;14.03;38.02;10.16;8.27;0.73;10.85
11/01/2022 18:04;1.04;14.05;38.02;10.16;8.27;0.65;10.86
11/01/2022 18:19;1.01;14.06;38.03;10.15;8.27;0.7;10.83
11/01/2022 18:34;1.07;14.07;38.03;10.15;8.27;0.77;10.85
11/01/2022 18:49;1.04;14.06;38.03;10.16;8.27;0.48;10.86
11/01/2022 19:04;1.12;14.06;38.03;10.16;8.27;0.47;10.86
11/01/2022 19:19;1.03;14.07;38.03;10.16;8.26;0.35;10.83
11/01/2022 19:34;1.01;14.07;38.03;10.16;8.26;0.35;10.85
11/01/2022 19:49;1.07;14.07;38.03;10.16;8.26;0.36;10.82
11/01/2022 19:39;1.02;14.06;38.03;10.17;8.26;0.42;10.69
11/01/2022 19:54;1.02;14.06;38.03;10.17;8.26;0.3;10.79
11/01/2022 20:09;1.06;14.06;38.03;10.18;8.26;0.27;10.78
11/01/2022 20:24;1.08;14.07;38.03;10.18;8.26;0.27;10.82
11/01/2022 20:39;1.09;14.07;38.03;10.18;8.26;0.27;10.84
11/01/2022 20:54;1.01;14.08;38.03;10.18;8.26;0.26;10.85
11/01/2022 21:09;1;14.07;38.03;10.19;8.26;0.24;10.8
11/01/2022 21:24;1.07;14.04;38.01;10.2;8.26;0.22;10.83
11/01/2022 21:39;1.08;13.88;37.96;10.24;8.26;0.19;10.84
11/01/2022 21:54;1.06;13.95;37.97;10.23;8.26;0.21;10.85
11/01/2022 22:09;1.09;13.95;37.95;10.24;8.26;0.18;10.8
11/01/2022 22:24;0.99;13.97;37.96;10.24;8.26;0.21;10.83
11/01/2022 22:39;1.01;14.02;37.99;10.22;8.26;0.2;10.85
11/01/2022 22:54;1.04;14.05;38;10.21;8.26;0.19;10.86
11/01/2022 23:09;1.01;14.05;38;10.21;8.26;0.19;10.8
11/01/2022 23:24;1.03;14.06;38.01;10.22;8.26;0.24;10.84
11/01/2022 23:39;1;14.06;38.01;10.21;8.26;0.3;10.85
11/01/2022 23:54;1.03;14.06;38.02;10.21;8.26;0.22;10.86
12/01/2022 00:09;1.07;14.05;38.02;10.22;8.26;0.26;10.81
12/01/2022 00:24;1.15;14.06;38.02;10.22;8.26;0.28;10.83
12/01/2022 00:39;1.03;14.05;38.02;10.22;8.26;0.32;10.85
12/01/2022 00:54;0.98;14.05;38.02;10.21;8.26;0.34;10.85
12/01/2022 01:09;1.01;14.07;38.03;10.21;8.26;0.45;10.8
12/01/2022 01:24;1;14.05;38.03;10.22;8.26;0.53;10.84
12/01/2022 01:39;1.02;14.05;38.03;10.21;8.26;0.62;10.85
12/01/2022 01:54;1.04;14.06;38.03;10.21;8.26;0.68;10.86
12/01/2022 02:09;1.07;14.06;38.03;10.21;8.26;0.71;10.8
12/01/2022 02:24;1.06;14.04;38.03;10.22;8.26;0.9;10.84
12/01/2022 02:39;1.02;14.07;38.03;10.2;8.26;0.76;10.85
12/01/2022 02:54;1.12;14.07;38.04;10.2;8.26;0.95;10.86
12/01/2022 03:09;1.01;14.05;38.05;10.2;8.26;0.87;10.8
12/01/2022 03:24;1.1;14.03;38.04;10.21;8.26;1.07;10.83
12/01/2022 03:39;1.09;14.07;38.04;10.19;8.26;0.99;10.85
12/01/2022 03:54;1.03;14.07;38.04;10.19;8.26;0.92;10.85
12/01/2022 04:09;1.1;14.06;38.04;10.2;8.26;0.94;10.8
12/01/2022 04:24;1.11;14.06;38.05;10.19;8.26;1.25;10.84
12/01/2022 04:39;1.06;14.06;38.04;10.19;8.26;0.81;10.85
12/01/2022 04:54;1.1;14.04;38.05;10.19;8.26;1.06;10.86
12/01/2022 05:09;0.98;14.04;38.05;10.19;8.26;0.86;10.8
12/01/2022 05:24;1.01;14.05;38.05;10.19;8.26;1.09;10.83
12/01/2022 05:39;1.06;14.08;38.05;10.18;8.26;0.82;10.85
12/01/2022 05:54;1.02;14.07;38.05;10.19;8.26;0.96;10.85
12/01/2022 06:09;1.08;14.06;38.04;10.18;8.26;0.89;10.8
12/01/2022 06:24;1.02;14.06;38.04;10.18;8.26;0.77;10.84
12/01/2022 06:39;1.13;14.08;38.05;10.17;8.26;0.97;10.85
12/01/2022 06:54;1.12;14.05;38.05;10.18;8.26;1.02;10.86
12/01/2022 07:09;1.1;14.07;38.05;10.17;8.26;0.87;10.8
12/01/2022 07:24;1.08;14.03;38.05;10.18;8.26;0.76;10.84
12/01/2022 07:39;1.06;14.07;38.05;10.17;8.26;0.88;10.85
12/01/2022 07:54;1.11;13.78;37.96;10.25;8.26;0.86;10.86
12/01/2022 08:09;0.99;13.88;38.02;10.22;8.26;0.84;10.8
12/01/2022 08:24;1.09;13.87;37.98;10.22;8.26;0.75;10.83
12/01/2022 08:39;1.09;13.83;37.98;10.22;8.26;0.76;10.84
12/01/2022 08:54;1.07;13.83;37.94;10.22;8.26;0.8;10.85
12/01/2022 09:09;1.09;13.85;38;10.21;8.26;0.79;10.8
12/01/2022 09:24;1.12;13.87;38;10.2;8.26;0.91;10.83
12/01/2022 09:39;1.13;13.92;38.01;10.18;8.26;1.01;10.85
12/01/2022 09:54;1.07;13.9;38.02;10.18;8.26;1.03;10.85
12/01/2022 10:09;1.05;13.94;38.03;10.17;8.26;0.71;10.8
12/01/2022 10:24;1.1;13.95;38.03;10.17;8.26;0.79;10.83
12/01/2022 10:39;1.11;13.98;38.03;10.17;8.26;1.06;10.84
12/01/2022 10:54;1.07;14;38.04;10.16;8.26;1.1;10.85
12/01/2022 11:09;1.11;13.99;38.04;10.17;8.26;1.01;10.8
12/01/2022 11:24;1.1;14;38.04;10.16;8.26;1.02;10.83
12/01/2022 11:39;1.06;13.99;38.05;10.16;8.26;1.08;10.85
12/01/2022 11:54;1.12;13.99;38.04;10.17;8.26;0.93;10.85
12/01/2022 12:09;1.11;14;38.04;10.17;8.26;0.85;10.8
12/01/2022 12:24;1.06;13.98;38.04;10.18;8.26;0.95;10.83
12/01/2022 12:39;1.07;14;38.04;10.17;8.26;0.98;10.84
12/01/2022 12:54;1.12;13.97;38.05;10.18;8.26;0.95;10.85
12/01/2022 13:09;1.08;14;38.05;10.16;8.26;1;10.8
12/01/2022 13:24;1.08;14.01;38.05;10.16;8.26;0.93;10.83
12/01/2022 13:39;1.1;13.98;38.05;10.17;8.26;1.02;10.85
12/01/2022 13:54;1;13.99;38.05;10.16;8.26;0.78;10.85
12/01/2022 14:09;1.05;13.99;38.05;10.16;8.26;0.87;10.8
12/01/2022 14:24;1.09;13.98;38.05;10.16;8.26;0.85;10.83
12/01/2022 14:39;1.18;13.99;38.05;10.15;8.26;0.83;10.85
12/01/2022 14:54;1.12;13.98;38.05;10.16;8.26;0.93;10.85
12/01/2022 15:09;1.14;14;38.05;10.15;8.26;0.82;10.8
12/01/2022 15:24;1.06;14;38.06;10.15;8.26;0.86;10.83
12/01/2022 15:39;1.11;14;38.06;10.15;8.26;0.81;10.84
12/01/2022 15:54;1.11;13.98;38.06;10.16;8.26;0.8;10.85
12/01/2022 16:09;1.11;13.96;38.08;10.16;8.26;0.86;10.8
12/01/2022 16:24;1.13;13.93;38.05;10.17;8.26;0.73;10.83
12/01/2022 16:39;1.13;13.92;38.05;10.17;8.26;0.82;10.85
12/01/2022 16:54;1.08;13.94;38.05;10.17;8.26;0.98;10.85
12/01/2022 17:09;1.15;13.97;38.05;10.16;8.26;0.88;10.8
12/01/2022 17:24;1.1;13.94;38.05;10.17;8.26;0.98;10.83
12/01/2022 17:39;1.1;13.89;38.04;10.18;8.26;0.74;10.84
12/01/2022 17:54;1.06;13.88;38.04;10.18;8.26;0.9;10.85
12/01/2022 18:09;1.08;13.86;38.04;10.18;8.26;0.95;10.8
12/01/2022 18:24;1.12;13.87;38.04;10.18;8.26;0.78;10.83
12/01/2022 18:39;1.13;13.88;38.04;10.18;8.26;0.73;10.85
12/01/2022 18:54;1.12;13.9;38.05;10.17;8.26;0.53;10.85
12/01/2022 19:09;1.11;13.92;38.05;10.16;8.26;0.52;10.8
12/01/2022 19:24;0.26;13.37;0.03;10.46;7.32;0;10.77
13/01/2022 09:50;0.26;13.15;0.03;10.56;7.35;0.06;10.69
13/01/2022 09:50;0.26;13.09;0.02;10.59;7.3;0;10.69
13/01/2022 10:05;1.18;13.91;38.05;10.23;8.26;0.33;10.81
13/01/2022 10:20;1.14;13.91;38.05;10.23;8.26;0.42;10.84
13/01/2022 10:35;1.09;13.92;38.05;10.23;8.26;0.4;10.85
13/01/2022 10:50;1.14;13.92;38.05;10.24;8.26;0.41;10.83
13/01/2022 11:05;1.05;13.93;38.05;10.24;8.26;0.32;10.61
13/01/2022 11:20;1.09;13.92;38.06;10.24;8.26;0.33;10.77
13/01/2022 11:35;1.1;13.92;38.05;10.22;8.26;0.29;10.81
13/01/2022 11:50;1.16;13.91;38.05;10.2;8.26;0.3;10.82
13/01/2022 12:05;1.12;13.91;38.05;10.2;8.26;0.28;10.83
13/01/2022 12:20;1.15;13.92;38.05;10.2;8.26;0.23;10.84
13/01/2022 12:35;1.13;13.93;38.06;10.21;8.26;0.25;10.85
13/01/2022 12:50;1.11;13.95;38.06;10.21;8.26;0.28;10.83
13/01/2022 13:05;1.1;13.96;38.07;10.22;8.26;0.28;10.84
13/01/2022 13:20;1.11;13.96;38.06;10.22;8.26;0.42;10.85
13/01/2022 13:35;1.1;13.98;38.07;10.21;8.26;0.3;10.85
13/01/2022 13:50;1.14;14.01;38.07;10.21;8.26;0.3;10.84
13/01/2022 14:05;1.07;13.98;38.07;10.23;8.25;0.32;10.83
13/01/2022 14:20;1.11;14.02;38.07;10.22;8.25;0.28;10.84
13/01/2022 14:35;1.16;14.02;38.07;10.22;8.26;0.36;10.85
13/01/2022 14:50;1.14;14;38.07;10.22;8.26;0.33;10.84
13/01/2022 15:05;1.09;14.02;38.07;10.21;8.26;0.36;10.84
13/01/2022 15:20;1.08;13.88;38.04;10.26;8.26;0.33;10.85
13/01/2022 15:35;1.15;13.89;38.04;10.25;8.26;0.43;10.86
13/01/2022 15:50;1.12;13.89;38.03;10.27;8.26;0.44;10.84
13/01/2022 16:05;1.12;13.87;38.04;10.27;8.26;0.49;10.83
13/01/2022 16:20;1.11;13.87;38.04;10.27;8.26;0.67;10.85
13/01/2022 16:35;1.14;13.86;38.04;10.28;8.26;0.87;10.85
13/01/2022 16:50;1.11;13.86;38.04;10.27;8.26;0.94;10.84
13/01/2022 17:05;1.12;13.85;38.04;10.28;8.26;0.89;10.84
13/01/2022 17:20;1.11;13.87;38.04;10.27;8.26;1;10.85
13/01/2022 17:35;1.13;13.86;38.04;10.27;8.26;0.96;10.85
13/01/2022 17:50;1.08;13.86;38.04;10.27;8.26;1.02;10.84
13/01/2022 18:05;1.19;13.86;38.05;10.26;8.26;0.93;10.83
13/01/2022 18:20;1.14;13.84;38.06;10.26;8.26;0.85;10.85
13/01/2022 18:35;1.13;13.86;38.04;10.25;8.26;0.86;10.85
13/01/2022 18:50;1.21;13.85;38.05;10.24;8.26;0.88;10.83
13/01/2022 19:05;1.15;13.85;38.05;10.23;8.26;0.99;10.84
13/01/2022 19:20;1.1;13.85;38.05;10.23;8.26;0.78;10.85
13/01/2022 19:35;1.14;13.84;38.05;10.23;8.26;1.01;10.85
13/01/2022 19:50;1.12;13.83;38.05;10.22;8.26;0.92;10.84
13/01/2022 20:05;1.14;13.81;38.05;10.22;8.26;0.97;10.83
13/01/2022 20:20;1.15;13.83;38.05;10.22;8.26;0.94;10.84
13/01/2022 20:35;1.17;13.84;38.05;10.21;8.26;0.86;10.85
13/01/2022 20:50;1.09;13.83;38.06;10.21;8.26;0.86;10.83
13/01/2022 21:05;1.12;13.86;38.05;10.2;8.26;1.06;10.84
13/01/2022 21:20;1.12;13.86;38.05;10.19;8.26;0.83;10.85
13/01/2022 21:35;1.14;13.88;38.06;10.18;8.26;0.97;10.85
13/01/2022 21:50;1.12;13.84;38.06;10.19;8.26;0.9;10.84
13/01/2022 22:05;1.16;13.83;38.06;10.2;8.26;0.92;10.84
13/01/2022 22:20;1.09;13.85;38.04;10.19;8.26;1.1;10.85
13/01/2022 22:35;1.17;13.84;38.06;10.18;8.26;0.82;10.85
13/01/2022 22:50;1.11;13.84;38.06;10.18;8.26;0.9;10.84
13/01/2022 23:05;1.1;13.84;38.06;10.18;8.26;1.02;10.83
13/01/2022 23:20;1.12;13.83;38.07;10.18;8.26;0.97;10.84
13/01/2022 23:35;1.18;13.84;38.06;10.18;8.26;0.96;10.85
13/01/2022 23:50;1.15;13.85;38.07;10.17;8.26;1;10.83
14/01/2022 00:05;1.18;13.85;38.06;10.17;8.26;1.18;10.84
14/01/2022 00:20;1.15;13.86;38.08;10.17;8.26;0.97;10.85
14/01/2022 00:35;1.11;13.84;38.07;10.17;8.26;1.05;10.85
14/01/2022 00:50;1.13;13.85;38.07;10.17;8.26;3.86;10.83
14/01/2022 01:05;1.16;13.84;38.07;10.17;8.26;1.13;10.84
14/01/2022 01:20;1.13;13.82;38.1;10.17;8.26;1.04;10.85
14/01/2022 01:35;1.17;13.85;38.08;10.16;8.26;0.97;10.85
14/01/2022 01:50;1.14;13.83;38.08;10.17;8.26;1.16;10.83
14/01/2022 02:05;1.16;13.83;38.07;10.16;8.26;0.99;10.83
14/01/2022 02:20;1.11;13.84;38.07;10.16;8.26;1.18;10.84
14/01/2022 02:35;1.13;13.82;38.07;10.17;8.26;1.08;10.85
14/01/2022 02:50;1.14;13.83;38.09;10.16;8.26;1.02;10.83
14/01/2022 03:05;1.13;13.82;38.08;10.17;8.26;1.09;10.84
14/01/2022 03:20;1.14;13.82;38.08;10.17;8.26;0.88;10.85
14/01/2022 03:35;1.14;13.79;38.08;10.18;8.26;1.31;10.85
14/01/2022 03:50;1.11;13.8;38.08;10.18;8.26;1.02;10.83
14/01/2022 04:05;1.13;13.79;38.08;10.18;8.26;1.13;10.84
14/01/2022 04:20;1.1;13.8;38.08;10.18;8.26;1.13;10.85
14/01/2022 04:35;1.09;13.75;38.09;10.19;8.26;1.08;10.85
14/01/2022 04:50;1.1;13.76;38.1;10.19;8.26;1.27;10.83
14/01/2022 05:05;1.14;13.78;38.09;10.18;8.26;1;10.83
14/01/2022 05:20;1.12;13.81;38.09;10.17;8.26;1.07;10.84
14/01/2022 05:35;1.13;13.79;38.09;10.18;8.26;1.05;10.85
14/01/2022 05:50;1.08;13.79;38.09;10.16;8.26;1;10.83
14/01/2022 06:05;1.13;13.79;38.09;10.16;8.26;0.86;10.84
14/01/2022 06:20;1.16;13.78;38.09;10.16;8.26;0.9;10.85
14/01/2022 06:35;1.12;13.79;38.09;10.16;8.26;0.99;10.85
14/01/2022 06:50;1.13;13.8;38.09;10.15;8.26;0.99;10.83
14/01/2022 07:05;1.11;13.78;38.08;10.16;8.26;0.99;10.84
14/01/2022 07:20;1.11;13.77;38.09;10.15;8.26;1.04;10.85
14/01/2022 07:35;1.09;13.77;38.09;10.16;8.26;1.09;10.85
14/01/2022 07:50;1.14;13.76;38.09;10.16;8.26;1.13;10.83
14/01/2022 08:05;1.14;13.76;38.09;10.16;8.26;1.33;10.83
14/01/2022 08:20;1.11;13.78;38.09;10.15;8.26;1.21;10.84
14/01/2022 08:35;1.1;13.76;38.09;10.17;8.26;1.28;10.85
14/01/2022 08:50;1.11;13.74;38.09;10.18;8.26;1.08;10.83
14/01/2022 09:05;1.11;13.74;38.09;10.18;8.26;1.21;10.84
14/01/2022 09:20;1.12;13.74;38.09;10.19;8.26;0.74;10.85
14/01/2022 09:35;1.11;13.75;38.09;10.19;8.26;0.63;10.85
14/01/2022 09:50;1.12;13.76;38.09;10.18;8.26;0.6;10.83
14/01/2022 10:05;1.12;13.76;38.09;10.18;8.26;0.58;10.8
14/01/2022 09:55;1.11;13.76;38.1;10.18;8.27;0.55;10.61
14/01/2022 10:10;1.11;13.76;38.09;10.19;8.26;0.44;10.78
14/01/2022 10:25;1.13;13.78;38.1;10.19;8.26;0.49;10.81
14/01/2022 10:40;1.12;13.78;38.1;10.19;8.26;0.57;10.8
14/01/2022 10:55;1.14;13.79;38.09;10.19;8.26;0.47;10.83
14/01/2022 11:10;1.13;13.79;38.09;10.19;8.26;0.49;10.83
14/01/2022 11:25;1.13;13.79;38.09;10.2;8.26;0.52;10.84
14/01/2022 11:40;1.1;13.81;38.09;10.2;8.26;0.49;10.81
14/01/2022 11:55;1.12;13.82;38.09;10.2;8.26;0.44;10.83
14/01/2022 12:10;1.08;13.84;38.1;10.2;8.26;0.43;10.84
14/01/2022 12:25;1.12;13.86;38.1;10.2;8.26;0.4;10.85
14/01/2022 12:40;1.13;13.88;38.1;10.2;8.26;0.36;10.81
14/01/2022 12:55;1.1;13.89;38.1;10.2;8.26;0.4;10.84
14/01/2022 13:10;1.1;13.91;38.09;10.2;8.26;0.37;10.84
14/01/2022 13:25;1.11;13.97;38.09;10.2;8.26;0.36;10.85
14/01/2022 13:40;1.08;13.94;38.09;10.21;8.26;0.44;10.81
14/01/2022 13:55;1.05;13.96;38.09;10.23;8.26;0.37;10.84
14/01/2022 14:10;1.08;13.97;38.1;10.23;8.26;0.35;10.83
14/01/2022 14:25;1.1;13.97;38.08;10.23;8.26;0.44;10.84
14/01/2022 14:40;1.11;14;38.09;10.23;8.26;0.43;10.81
14/01/2022 14:55;1.09;14;38.09;10.24;8.26;0.45;10.84
14/01/2022 15:10;1.08;13.97;38.08;10.26;8.26;0.53;10.84
14/01/2022 15:25;1.11;13.97;38.09;10.26;8.26;0.63;10.85
14/01/2022 15:40;1.09;13.97;38.09;10.27;8.26;0.74;10.81
14/01/2022 15:55;1.09;13.96;38.09;10.27;8.26;0.88;10.84
14/01/2022 16:10;1.09;13.94;38.09;10.26;8.26;1.12;10.84
14/01/2022 16:25;1.11;13.92;38.09;10.27;8.26;1.06;10.85
14/01/2022 16:40;1.13;13.92;38.09;10.27;8.26;1.16;10.81
14/01/2022 16:55;1.09;13.92;38.09;10.27;8.26;1.2;10.84
14/01/2022 17:10;1.11;13.95;38.09;10.27;8.26;1.25;10.83
14/01/2022 17:25;1.11;13.79;38.02;10.3;8.26;0.92;10.84
14/01/2022 17:40;1.07;13.74;37.98;10.33;8.26;1.01;10.81
14/01/2022 17:55;1.08;13.67;37.98;10.34;8.26;1.2;10.84
14/01/2022 18:10;1.09;13.7;38;10.32;8.26;1.08;10.84
14/01/2022 18:25;1.05;13.49;37.65;10.37;8.26;0.96;10.84
14/01/2022 18:40;1.07;13.53;37.81;10.32;8.26;0.87;10.81
14/01/2022 18:55;1.1;13.63;37.99;10.28;8.26;0.96;10.83
14/01/2022 19:10;1.1;13.71;38.03;10.25;8.26;1.06;10.84
14/01/2022 19:25;1.06;13.78;38.06;10.24;8.26;1.22;10.84
14/01/2022 19:40;1.1;13.75;38.05;10.26;8.26;1.23;10.81
14/01/2022 19:55;1.1;13.77;38.07;10.26;8.26;1.15;10.84
14/01/2022 20:10;1.11;13.82;38.08;10.25;8.26;1.5;10.83
14/01/2022 20:25;1.06;13.82;38.09;10.25;8.26;1.37;10.84
14/01/2022 20:40;1.07;13.81;38.08;10.26;8.26;1.35;10.81
14/01/2022 20:55;1.11;13.8;38.09;10.25;8.26;1.39;10.83
14/01/2022 21:10;1.09;13.81;38.08;10.24;8.26;1.41;10.84
14/01/2022 21:25;1.06;13.82;38.09;10.23;8.26;1.37;10.84
14/01/2022 21:40;1.08;13.83;38.09;10.23;8.26;1.61;10.81
14/01/2022 21:55;1.1;13.83;38.09;10.22;8.26;1.4;10.84
14/01/2022 22:10;1.06;13.83;38.09;10.22;8.26;1.5;10.83
14/01/2022 22:25;1.11;13.81;38.09;10.22;8.26;1.47;10.84
14/01/2022 22:40;1.1;13.82;38.09;10.22;8.26;1.64;10.81
14/01/2022 22:55;1.07;13.81;38.09;10.23;8.26;1.42;10.83
14/01/2022 23:10;1.07;13.82;38.09;10.23;8.26;1.34;10.84
14/01/2022 23:25;1.03;13.82;38.09;10.24;8.26;1.16;10.84
14/01/2022 23:40;1.04;13.83;38.09;10.24;8.26;1.67;10.81
14/01/2022 23:55;1.04;13.82;38.09;10.27;8.26;1.57;10.83
15/01/2022 00:10;1.07;13.82;38.09;10.27;8.26;1.72;10.83
15/01/2022 00:25;1.08;13.84;38.09;10.26;8.26;1.33;10.85
15/01/2022 00:40;1.07;13.83;38.09;10.26;8.26;1.23;10.81
15/01/2022 00:55;1.07;13.83;38.09;10.27;8.26;1.37;10.84
15/01/2022 01:10;1.04;13.84;38.09;10.26;8.26;1.61;10.84
15/01/2022 01:25;1.09;13.83;38.09;10.25;8.26;1.24;10.85
15/01/2022 01:40;1.07;13.81;38.09;10.25;8.26;1.38;10.81
15/01/2022 01:55;1.07;13.83;38.1;10.26;8.26;1.51;10.84
15/01/2022 02:10;1.09;13.81;38.09;10.26;8.26;1.48;10.83
15/01/2022 02:25;1.09;13.81;38.09;10.25;8.26;1.65;10.84
15/01/2022 02:40;1.07;13.81;38.09;10.25;8.26;1.7;10.81
15/01/2022 02:55;1.08;13.83;38.09;10.24;8.26;1.67;10.83
15/01/2022 03:10;1.08;13.83;38.09;10.24;8.26;1.68;10.84
15/01/2022 03:25;1.07;13.82;38.09;10.24;8.26;1.68;10.85
15/01/2022 03:40;1.03;13.83;38.09;10.24;8.26;1.53;10.81
15/01/2022 03:55;1.07;13.84;38.09;10.23;8.26;1.52;10.83
15/01/2022 04:10;1.05;13.83;38.09;10.23;8.26;1.56;10.84
15/01/2022 04:25;1.03;13.83;38.09;10.23;8.26;1.65;10.84
15/01/2022 04:40;1.06;13.82;38.09;10.23;8.26;1.7;10.81
15/01/2022 04:55;1.05;13.81;38.1;10.22;8.26;1.39;10.83
15/01/2022 05:10;1.04;13.82;38.09;10.22;8.26;1.62;10.83
15/01/2022 05:25;1.03;13.82;38.09;10.22;8.26;1.2;10.84
15/01/2022 05:40;1.04;13.83;38.09;10.22;8.26;1.5;10.81
15/01/2022 05:55;1.04;13.82;38.1;10.22;8.26;1.16;10.84
15/01/2022 06:10;1.05;13.83;38.09;10.21;8.26;1.53;10.84
15/01/2022 06:25;1.06;13.8;38.09;10.2;8.26;1.48;10.84
15/01/2022 06:40;1.05;13.84;38.09;10.19;8.26;1.41;10.81
15/01/2022 06:55;1.07;13.82;38.09;10.19;8.26;1.49;10.83
15/01/2022 07:10;1.04;13.82;38.09;10.19;8.26;1.32;10.83
15/01/2022 07:25;1.05;13.83;38.09;10.19;8.26;1.37;10.84
15/01/2022 07:40;1.08;13.84;38.1;10.19;8.26;1.57;10.81
15/01/2022 07:55;1.07;13.83;38.1;10.19;8.26;1.58;10.84
15/01/2022 08:10;1.05;13.81;38.09;10.2;8.26;1.53;10.83
15/01/2022 08:25;1.07;13.82;38.09;10.2;8.26;1.42;10.84
15/01/2022 08:40;1.05;13.84;38.09;10.19;8.26;1.35;10.81
15/01/2022 08:55;1.07;13.84;38.09;10.19;8.26;1.25;10.83
15/01/2022 09:10;1.05;13.84;38.1;10.19;8.26;1.07;10.84
15/01/2022 09:25;1.05;13.83;38.1;10.2;8.26;0.87;10.84
15/01/2022 09:40;1.06;13.81;38.1;10.21;8.26;0.67;10.81
15/01/2022 09:55;1.08;13.82;38.1;10.22;8.26;0.63;10.84
15/01/2022 10:10;1.05;13.82;38.09;10.22;8.26;0.71;10.81
15/01/2022 09:59;1.03;13.82;38.09;10.22;8.27;0.66;10.61
15/01/2022 10:14;1.09;13.82;38.09;10.22;8.26;0.57;10.78
15/01/2022 10:29;1.1;13.83;38.09;10.23;8.26;0.65;10.82
15/01/2022 10:44;1.05;13.83;38.09;10.23;8.26;0.54;10.81
15/01/2022 10:59;1.05;13.83;38.09;10.23;8.26;0.54;10.83
15/01/2022 11:14;1.06;13.84;38.09;10.24;8.26;0.51;10.84
15/01/2022 11:29;1.04;13.85;38.09;10.24;8.26;0.46;10.84
15/01/2022 11:44;1.05;13.87;38.1;10.24;8.26;0.49;10.82
15/01/2022 11:59;1.06;13.89;38.1;10.24;8.26;0.44;10.84
15/01/2022 12:14;1.07;13.87;38.1;10.26;8.26;0.4;10.83
15/01/2022 12:29;1.07;13.89;38.09;10.26;8.26;0.4;10.85
15/01/2022 12:44;1.02;13.82;38.07;10.29;8.26;0.34;10.82
15/01/2022 12:59;1.05;13.82;38.07;10.3;8.26;0.4;10.84
15/01/2022 13:14;1.08;13.84;38.06;10.3;8.26;0.32;10.84
15/01/2022 13:29;1.09;13.85;38.06;10.3;8.26;0.32;10.85
15/01/2022 13:44;1.09;13.85;38.07;10.3;8.26;0.38;10.82
15/01/2022 13:59;1.08;13.84;38.07;10.31;8.26;0.36;10.84
15/01/2022 14:14;1.12;13.85;38.07;10.31;8.26;0.45;10.84
15/01/2022 14:29;1.01;13.85;38.07;10.31;8.26;0.47;10.85
15/01/2022 14:44;1.07;13.86;38.08;10.31;8.26;0.55;10.82
15/01/2022 14:59;1.02;13.86;38.08;10.32;8.26;0.48;10.84
15/01/2022 15:14;1.12;13.86;38.08;10.32;8.26;0.54;10.84
15/01/2022 15:29;1;13.85;38.08;10.32;8.26;0.72;10.85
15/01/2022 15:44;1.09;13.85;38.08;10.32;8.26;0.79;10.82
15/01/2022 15:59;0.97;13.85;38.08;10.33;8.26;0.94;10.84
15/01/2022 16:14;0.97;13.85;38.08;10.32;8.26;1.16;10.84
15/01/2022 16:29;1.06;13.84;38.08;10.32;8.26;1.32;10.85
15/01/2022 16:44;1.08;13.84;38.09;10.33;8.26;1.38;10.82
15/01/2022 16:59;1.05;13.87;38.09;10.32;8.26;1.43;10.84
15/01/2022 17:14;1.07;13.85;38.09;10.33;8.26;1.48;10.84
15/01/2022 17:29;1.01;13.85;38.09;10.33;8.26;1.5;10.85
15/01/2022 17:44;0.94;13.83;38.09;10.33;8.26;1.28;10.82
15/01/2022 17:59;1.06;13.83;38.09;10.33;8.26;1.35;10.84
15/01/2022 18:14;0.99;13.84;38.08;10.33;8.26;1.28;10.84
15/01/2022 18:29;0.99;13.83;38.08;10.33;8.26;1.37;10.85
15/01/2022 18:44;1.11;13.82;38.09;10.33;8.26;1.28;10.82
15/01/2022 18:59;1.04;13.82;38.09;10.33;8.26;1.52;10.84
15/01/2022 19:14;1.04;13.82;38.09;10.33;8.26;1.54;10.84
15/01/2022 19:29;1.05;13.81;38.09;10.33;8.26;1.35;10.85
15/01/2022 19:44;1.03;13.82;38.09;10.32;8.26;1.45;10.82
15/01/2022 19:59;1.05;13.81;38.09;10.32;8.26;1.55;10.84
15/01/2022 20:14;0.99;13.81;38.09;10.32;8.26;1.42;10.83
15/01/2022 20:29;1.03;13.81;38.09;10.32;8.26;1.47;10.85
15/01/2022 20:44;1.07;13.81;38.1;10.32;8.26;1.41;10.82
15/01/2022 20:59;1.03;13.82;38.1;10.31;8.26;1.58;10.84
15/01/2022 21:14;1.08;13.81;38.1;10.31;8.26;1.42;10.84
15/01/2022 21:29;1.02;13.74;38;10.34;8.26;1.42;10.85
15/01/2022 21:44;1.02;13.78;38.06;10.31;8.26;1.26;10.82
15/01/2022 21:59;1.04;13.78;38.07;10.32;8.26;1.35;10.84
15/01/2022 22:14;1.03;13.72;37.99;10.34;8.26;1.55;10.84
15/01/2022 22:29;1.04;13.58;37.95;10.39;8.26;1.32;10.85
15/01/2022 22:44;1.05;13.73;38.05;10.34;8.26;1.38;10.82
15/01/2022 22:59;1.01;13.67;38.04;10.36;8.27;1.31;10.84
15/01/2022 23:14;1.09;13.7;38.07;10.36;8.26;1.33;10.84
15/01/2022 23:29;1.02;13.69;38.02;10.37;8.26;1.29;10.85
15/01/2022 23:44;1.1;13.69;38.05;10.37;8.26;1.27;10.82
15/01/2022 23:59;1.07;13.74;38.07;10.36;8.26;1.45;10.84
16/01/2022 00:14;1;13.69;38.05;10.37;8.26;1.65;10.84
16/01/2022 00:29;1.06;13.67;38.04;10.39;8.26;1.7;10.85
16/01/2022 00:44;1.03;13.67;38.05;10.38;8.26;1.43;10.82
16/01/2022 00:59;1.03;13.66;38.06;10.38;8.26;1.41;10.84
16/01/2022 01:14;1.12;13.71;38.05;10.36;8.26;1.71;10.84
16/01/2022 01:29;1.07;13.65;38.04;10.38;8.27;1.37;10.85
16/01/2022 01:44;1.03;13.64;38.04;10.37;8.27;1.41;10.82
16/01/2022 01:59;1.04;13.68;38.06;10.34;8.26;1.4;10.84
16/01/2022 02:14;1.05;13.68;38.08;10.33;8.26;1.79;10.84
16/01/2022 02:29;1.04;13.67;38.05;10.33;8.26;1.35;10.85
16/01/2022 02:44;1.06;13.7;38.07;10.32;8.26;1.5;10.82
16/01/2022 02:59;1.03;13.7;38.08;10.31;8.27;1.58;10.84
16/01/2022 03:14;1.03;13.68;38.07;10.32;8.27;1.64;10.84
16/01/2022 03:29;1.09;13.68;38.06;10.31;8.27;1.82;10.85
16/01/2022 03:44;1.03;13.66;38.07;10.31;8.27;1.43;10.82
16/01/2022 03:59;1.12;13.65;38.08;10.31;8.27;1.47;10.84
16/01/2022 04:14;1.03;13.62;38.06;10.31;8.27;1.38;10.84
16/01/2022 04:29;0.98;13.56;38.03;10.33;8.27;1.49;10.85
16/01/2022 04:44;1.03;13.65;38.06;10.31;8.27;1.98;10.82
16/01/2022 04:59;1.01;13.7;38.09;10.28;8.26;1.48;10.84
16/01/2022 05:14;1.06;13.71;38.09;10.27;8.27;1.56;10.84
16/01/2022 05:29;1.06;13.71;38.09;10.27;8.26;1.57;10.85
16/01/2022 05:44;1.07;13.72;38.1;10.26;8.26;1.59;10.82
16/01/2022 05:59;1.04;13.73;38.1;10.25;8.26;1.55;10.84
16/01/2022 06:14;1.03;13.72;38.09;10.24;8.27;1.59;10.84
16/01/2022 06:29;1.05;13.72;38.09;10.24;8.27;1.47;10.85
16/01/2022 06:44;1.07;13.71;38.1;10.24;8.27;1.54;10.82
16/01/2022 06:59;1.07;13.71;38.09;10.24;8.27;1.6;10.84
16/01/2022 07:14;1.01;13.7;38.09;10.24;8.27;1.65;10.84
16/01/2022 07:29;1.02;13.67;38.09;10.24;8.27;1.68;10.85
16/01/2022 07:44;1.02;13.67;38.09;10.24;8.27;1.74;10.82
16/01/2022 07:59;1.14;13.68;38.09;10.24;8.27;2.04;10.84
16/01/2022 08:14;1.05;13.7;38.09;10.23;8.27;1.42;10.84
16/01/2022 08:29;1.08;13.71;38.1;10.23;8.27;1.32;10.85
16/01/2022 08:44;1.05;13.71;38.1;10.24;8.27;1.55;10.82
16/01/2022 08:59;1.11;13.7;38.1;10.23;8.27;1.38;10.84
16/01/2022 09:14;1.04;13.72;38.1;10.23;8.26;1.04;10.84
16/01/2022 09:29;1;13.7;38.1;10.24;8.26;0.99;10.85
16/01/2022 09:44;1.04;13.71;38.1;10.25;8.26;0.68;10.82
16/01/2022 09:59;1;13.71;38.1;10.25;8.26;0.71;10.84
16/01/2022 10:14;1.1;13.71;38.1;10.25;8.26;0.72;10.81
16/01/2022 10:03;1.1;13.71;38.1;10.25;8.27;0.66;10.6
16/01/2022 10:18;1.07;13.71;38.1;10.26;8.26;0.82;10.78
16/01/2022 10:33;1.04;13.72;38.1;10.26;8.26;0.52;10.81
16/01/2022 10:48;1.05;13.72;38.1;10.26;8.26;0.52;10.82
16/01/2022 11:03;1.12;13.72;38.1;10.27;8.26;0.51;10.83
16/01/2022 11:18;1.06;13.73;38.1;10.27;8.26;0.54;10.84
16/01/2022 11:33;1.05;13.74;38.1;10.27;8.26;0.45;10.84
16/01/2022 11:48;1.05;13.75;38.1;10.27;8.26;0.48;10.83
16/01/2022 12:03;0.91;13.77;38.1;10.27;8.26;0.45;10.84
16/01/2022 12:18;1;13.78;38.11;10.27;8.26;0.39;10.84
16/01/2022 12:33;1.1;13.79;38.1;10.27;8.26;0.39;10.85
16/01/2022 12:48;1.08;13.81;38.11;10.27;8.26;0.41;10.83
16/01/2022 13:03;1.03;13.81;38.1;10.27;8.26;0.39;10.84
16/01/2022 13:18;1.04;13.81;38.11;10.27;8.26;0.38;10.84
16/01/2022 13:33;1.05;13.81;38.1;10.27;8.26;0.41;10.85
16/01/2022 13:48;1.05;13.8;38.1;10.27;8.26;0.41;10.83
16/01/2022 14:03;0.95;13.8;38.1;10.27;8.26;0.44;10.84
16/01/2022 14:18;1.04;13.8;38.1;10.28;8.26;0.48;10.84
16/01/2022 14:33;1.01;13.79;38.1;10.28;8.26;0.48;10.85
16/01/2022 14:48;0.98;13.79;38.11;10.28;8.26;0.5;10.83
16/01/2022 15:03;1.06;13.78;38.1;10.29;8.26;0.55;10.84
16/01/2022 15:18;1.09;13.78;38.11;10.29;8.26;0.65;10.84
16/01/2022 15:33;0.99;13.78;38.1;10.3;8.26;0.7;10.85
16/01/2022 15:48;1.07;13.77;38.11;10.31;8.26;0.72;10.83
16/01/2022 16:03;1.07;13.77;38.1;10.31;8.26;0.96;10.84
16/01/2022 16:18;0.99;13.76;38.11;10.32;8.26;1.17;10.84
16/01/2022 16:33;1.09;13.76;38.11;10.32;8.26;1.33;10.85
16/01/2022 16:48;1.01;13.75;38.11;10.32;8.26;1.37;10.83
16/01/2022 17:03;1.11;13.74;38.11;10.32;8.26;1.44;10.84
16/01/2022 17:18;1.1;13.73;38.11;10.33;8.26;1.57;10.84
16/01/2022 17:33;1.07;13.71;38.1;10.33;8.26;1.54;10.85
16/01/2022 17:48;1.03;13.71;38.1;10.33;8.26;1.42;10.83
16/01/2022 18:03;1.05;13.7;38.1;10.33;8.26;1.75;10.84
16/01/2022 18:18;1.02;13.67;38.1;10.33;8.26;1.6;10.84
16/01/2022 18:33;1.02;13.68;38.11;10.33;8.26;1.54;10.85
16/01/2022 18:48;1.14;13.67;38.11;10.33;8.26;1.55;10.83
16/01/2022 19:03;0.99;13.65;38.11;10.34;8.26;1.36;10.84
16/01/2022 19:18;1;13.68;38.12;10.32;8.26;1.8;10.84
16/01/2022 19:33;1.03;13.69;38.11;10.32;8.26;1.45;10.85
16/01/2022 19:48;0.96;13.67;38.11;10.33;8.26;1.49;10.83
16/01/2022 20:03;1.01;13.59;38.07;10.37;8.26;1.3;10.84
16/01/2022 20:18;1.12;13.55;38.04;10.39;8.26;1.22;10.84
16/01/2022 20:33;1.02;13.57;38.05;10.39;8.26;1.37;10.85
16/01/2022 20:48;1.06;13.51;38.04;10.42;8.26;1.2;10.83
16/01/2022 21:03;1.07;13.57;38.06;10.41;8.26;1.5;10.84
16/01/2022 21:18;1.08;13.6;38.03;10.41;8.26;1.39;10.84
16/01/2022 21:33;1.06;13.61;38.08;10.4;8.26;1.27;10.85
16/01/2022 21:48;1.05;13.59;38.09;10.42;8.26;1.49;10.83
16/01/2022 22:03;1.03;13.6;38.06;10.43;8.26;1.2;10.84
16/01/2022 22:18;1.06;13.56;38.04;10.44;8.26;1.23;10.84
16/01/2022 22:33;1.04;13.57;38.05;10.43;8.26;1.19;10.85
16/01/2022 22:48;1.03;13.57;38.05;10.44;8.26;1.1;10.83
16/01/2022 23:03;1.02;13.55;38.04;10.44;8.26;1.29;10.84
16/01/2022 23:18;1.05;13.51;38;10.46;8.26;1.18;10.84
16/01/2022 23:33;1.1;13.56;38.05;10.43;8.26;1.27;10.85
16/01/2022 23:48;1.01;13.44;37.99;10.46;8.26;1.53;10.83
17/01/2022 00:03;1;13.44;37.99;10.46;8.26;1.23;10.84
17/01/2022 00:18;1.15;13.48;38.05;10.43;8.26;1.47;10.84
17/01/2022 00:33;1.09;13.61;38.11;10.36;8.26;1.8;10.85
17/01/2022 00:48;0.97;13.6;38.11;10.34;8.26;1.74;10.83
17/01/2022 01:03;1.06;13.61;38.1;10.32;8.26;1.46;10.84
17/01/2022 01:18;1.11;13.62;38.12;10.29;8.26;1.56;10.84
17/01/2022 01:33;1.04;13.44;38.03;10.32;8.26;1.59;10.85
17/01/2022 01:48;1.04;13.62;38.11;10.25;8.26;1.67;10.83
17/01/2022 02:03;1.06;13.63;38.11;10.24;8.26;1.83;10.84
17/01/2022 02:18;1.04;13.63;38.11;10.23;8.26;1.75;10.84
17/01/2022 02:33;1.01;13.63;38.12;10.23;8.26;1.74;10.85
17/01/2022 02:48;1.04;13.62;38.12;10.23;8.26;1.72;10.83
17/01/2022 03:03;1.05;13.61;38.12;10.23;8.26;1.88;10.84
17/01/2022 03:18;1.06;13.62;38.12;10.23;8.26;1.6;10.84
17/01/2022 03:33;1.08;13.63;38.12;10.24;8.26;1.59;10.85
17/01/2022 03:48;1.05;13.64;38.12;10.24;8.26;1.58;10.83
17/01/2022 04:03;1.06;13.65;38.13;10.24;8.26;2.02;10.84
17/01/2022 04:18;1.05;13.63;38.14;10.23;8.26;1.72;10.83
17/01/2022 04:33;1.02;13.65;38.13;10.23;8.26;1.65;10.84
17/01/2022 04:48;1.05;13.66;38.13;10.22;8.26;1.72;10.83
17/01/2022 05:03;1.01;13.65;38.13;10.22;8.26;1.63;10.84
17/01/2022 05:18;1.1;13.65;38.13;10.22;8.26;1.55;10.84
17/01/2022 05:33;1.06;13.64;38.13;10.22;8.26;1.7;10.85
17/01/2022 05:48;1.04;13.63;38.13;10.21;8.26;1.49;10.83
17/01/2022 06:03;1.07;13.65;38.14;10.2;8.26;1.52;10.84
17/01/2022 06:18;1.01;13.65;38.13;10.2;8.26;1.7;10.84
17/01/2022 06:33;1.04;13.63;38.13;10.2;8.26;1.49;10.85
17/01/2022 06:48;1.08;13.63;38.13;10.21;8.26;1.54;10.83
17/01/2022 07:03;1.11;13.63;38.12;10.2;8.26;1.53;10.84
17/01/2022 07:18;1.01;13.63;38.13;10.2;8.26;1.84;10.84
17/01/2022 07:33;1.07;13.62;38.13;10.2;8.26;1.68;10.85
17/01/2022 07:48;1.09;13.63;38.13;10.2;8.26;1.74;10.83
17/01/2022 08:03;1.1;13.66;38.14;10.2;8.26;1.76;10.84
17/01/2022 08:18;1.02;13.64;38.14;10.2;8.26;1.63;10.83
17/01/2022 08:33;1.05;13.6;38.13;10.22;8.26;1.87;10.84
17/01/2022 08:48;1.07;13.61;38.12;10.22;8.26;1.52;10.83
17/01/2022 09:03;1.07;13.59;38.13;10.24;8.26;1.44;10.84
17/01/2022 09:18;1.06;13.6;38.13;10.24;8.26;0.93;10.84
17/01/2022 09:33;1.05;13.61;38.13;10.24;8.26;0.83;10.85
17/01/2022 09:48;1.11;13.61;38.13;10.25;8.26;0.76;10.83
17/01/2022 10:03;1.1;13.72;38.16;10.22;8.26;0.71;10.84
17/01/2022 10:18;1.07;13.72;38.15;10.23;8.26;0.75;10.72
17/01/2022 10:08;1.07;13.68;38.14;10.24;8.26;0.71;10.59
17/01/2022 10:23;1.08;14.01;38.2;10.14;8.27;0.51;10.77
17/01/2022 10:38;1.07;14.08;38.21;10.12;8.27;0.43;10.78
17/01/2022 10:53;1.08;14.12;38.2;10.11;8.27;0.5;10.82
17/01/2022 11:08;1.05;14.16;38.21;10.09;8.27;0.39;10.82
17/01/2022 11:23;1.05;14.19;38.2;10.09;8.27;0.32;10.84
17/01/2022 11:38;1.05;14.22;38.2;10.07;8.27;0.29;10.8
17/01/2022 11:53;1.05;14.26;38.21;10.07;8.27;0.28;10.84
17/01/2022 12:08;1.06;14.28;38.21;10.06;8.26;0.29;10.83
17/01/2022 12:23;1.04;14.31;38.2;10.06;8.26;0.27;10.85
17/01/2022 12:38;1.05;14.37;38.21;10.03;8.26;0.2;10.8
17/01/2022 12:53;1.09;14.4;38.21;10.03;8.26;0.23;10.84
17/01/2022 13:08;1.07;14.38;38.22;10.03;8.26;0.29;10.83
17/01/2022 13:23;1.05;14.38;38.2;10.02;8.26;0.25;10.85
17/01/2022 13:38;1.04;14.43;38.22;10.01;8.26;0.25;10.81
17/01/2022 13:53;1.08;14.47;38.21;9.99;8.26;0.22;10.84
17/01/2022 14:08;1.07;14.46;38.22;9.99;8.26;0.26;10.82
17/01/2022 14:23;1.02;14.46;38.21;9.99;8.26;0.3;10.85
17/01/2022 14:38;1.05;14.44;38.21;10;8.26;0.26;10.81
17/01/2022 14:53;1.06;14.44;38.21;10.01;8.26;0.26;10.84
17/01/2022 15:08;1.04;14.43;38.21;10.01;8.26;0.28;10.83
17/01/2022 15:23;1.04;14.4;38.21;10.02;8.26;0.35;10.85
17/01/2022 15:38;1.01;14.4;38.21;10.02;8.26;0.44;10.81
17/01/2022 15:53;1.07;14.38;38.21;10.03;8.26;0.43;10.84
17/01/2022 16:08;1.05;14.37;38.21;10.02;8.26;0.61;10.83
17/01/2022 16:23;1.07;14.36;38.21;10.03;8.26;0.72;10.85
17/01/2022 16:38;1.03;14.35;38.21;10.02;8.26;0.85;10.81
17/01/2022 16:53;1.05;14.34;38.21;10.02;8.26;0.81;10.84
17/01/2022 17:08;1.08;14.33;38.21;10.03;8.26;1.37;10.83
17/01/2022 17:23;1.03;14.32;38.21;10.03;8.26;0.99;10.85
17/01/2022 17:38;1.05;14.39;38.21;10.01;8.26;0.83;10.81
17/01/2022 17:53;1.05;14.35;38.22;10.02;8.26;1.23;10.84
17/01/2022 18:08;1.07;14.35;38.21;10.02;8.26;1.09;10.82
17/01/2022 18:23;1.06;14.34;38.21;10.02;8.26;0.93;10.85
17/01/2022 18:38;1.06;14.35;38.21;10.02;8.26;1.06;10.8
17/01/2022 18:53;1.04;14.35;38.21;10.03;8.26;0.95;10.84
17/01/2022 19:08;1.09;14.33;38.21;10.04;8.26;0.75;10.83
17/01/2022 19:23;1.04;14.34;38.21;10.03;8.26;0.75;10.85
17/01/2022 19:38;1.07;14.34;38.21;10.03;8.26;0.97;10.81
17/01/2022 19:53;1.1;14.32;38.22;10.04;8.26;0.72;10.84
17/01/2022 20:08;1.05;14.3;38.22;10.04;8.26;0.91;10.81
17/01/2022 20:23;1.02;14.32;38.21;10.04;8.26;1.05;10.84
17/01/2022 20:38;1.05;14.32;38.21;10.04;8.26;0.91;10.8
17/01/2022 20:53;1.09;14.31;38.21;10.04;8.26;0.84;10.84
17/01/2022 21:08;1;14.32;38.21;10.03;8.26;1.08;10.83
17/01/2022 21:23;1.08;14.32;38.22;10.03;8.26;1.04;10.85
17/01/2022 21:38;1.01;14.31;38.22;10.03;8.26;0.89;10.8
17/01/2022 21:53;1.09;14.3;38.22;10.03;8.26;0.98;10.84
17/01/2022 22:08;1.07;14.3;38.22;10.03;8.26;0.89;10.83
17/01/2022 22:23;1.04;14.29;38.22;10.03;8.26;0.98;10.85
17/01/2022 22:38;1.05;14.28;38.21;10.04;8.26;0.91;10.8
17/01/2022 22:53;1.08;14.29;38.22;10.04;8.26;0.92;10.84
17/01/2022 23:08;1.05;14.29;38.22;10.03;8.26;0.9;10.83
17/01/2022 23:23;1.04;14.27;38.22;10.03;8.26;1;10.85
17/01/2022 23:38;1.04;14.28;38.22;10.03;8.26;1;10.8
17/01/2022 23:53;1.05;14.27;38.22;10.03;8.26;1.1;10.84
18/01/2022 00:08;1.09;14.24;38.22;10.04;8.27;0.97;10.82
18/01/2022 00:23;1.04;14.26;38.22;10.03;8.26;1.02;10.84
18/01/2022 00:38;1.06;14.24;38.22;10.03;8.26;1.06;10.8
18/01/2022 00:53;1.05;14.22;38.22;10.03;8.27;0.93;10.84
18/01/2022 01:08;1.03;14.23;38.22;10.03;8.26;1.05;10.83
18/01/2022 01:23;1.09;14.22;38.22;10.02;8.26;0.94;10.85
18/01/2022 01:38;1.03;14.2;38.22;10.03;8.26;1.05;10.8
18/01/2022 01:53;1.09;14.21;38.22;10.03;8.27;0.92;10.84
18/01/2022 02:08;1.09;14.17;38.22;10.04;8.27;0.85;10.83
18/01/2022 02:23;1.07;14.2;38.22;10.04;8.27;1.01;10.85
18/01/2022 02:38;1.09;14.17;38.21;10.05;8.27;0.78;10.8
18/01/2022 02:53;1.05;14.16;38.21;10.05;8.27;0.94;10.84
18/01/2022 03:08;1.02;14.14;38.21;10.06;8.27;1.02;10.83
18/01/2022 03:23;1.06;14.14;38.22;10.06;8.27;1.12;10.85
18/01/2022 03:38;1.08;14.11;38.21;10.07;8.27;1.09;10.8
18/01/2022 03:53;1.1;14.11;38.21;10.08;8.27;1.29;10.84
18/01/2022 04:08;1.07;14.09;38.21;10.1;8.27;1.05;10.81
18/01/2022 04:23;1.08;14.08;38.21;10.1;8.27;1.23;10.84
18/01/2022 04:38;1.1;14.06;38.21;10.11;8.27;1.16;10.8
18/01/2022 04:53;1.07;14.05;38.21;10.1;8.27;1.02;10.84
18/01/2022 05:08;1.08;14.06;38.21;10.1;8.26;1.07;10.83
18/01/2022 05:23;1.09;14.06;38.21;10.1;8.26;1.09;10.85
18/01/2022 05:38;1.03;14.05;38.21;10.1;8.27;1.13;10.8
18/01/2022 05:53;1.08;14.04;38.21;10.1;8.27;1.17;10.84
18/01/2022 06:08;1.09;14.05;38.21;10.09;8.26;1.07;10.83
18/01/2022 06:23;1.05;14.04;38.21;10.08;8.27;1.04;10.85
18/01/2022 06:38;1.08;14.02;38.21;10.08;8.26;1.28;10.8
18/01/2022 06:53;1.08;14.01;38.21;10.07;8.26;1.06;10.84
18/01/2022 07:08;1.07;14.01;38.21;10.06;8.26;1.07;10.83
18/01/2022 07:23;1.08;14.01;38.21;10.05;8.26;1.09;10.84
18/01/2022 07:38;1.09;13.85;38.15;10.11;8.27;0.76;10.8
18/01/2022 07:53;1.1;13.77;38.11;10.12;8.27;0.94;10.84
18/01/2022 08:08;1.1;13.78;38.11;10.12;8.27;0.97;10.81
18/01/2022 08:23;1.08;13.86;38.15;10.1;8.27;0.8;10.84
18/01/2022 08:38;1.07;13.95;38.19;10.06;8.26;0.79;10.8
18/01/2022 08:53;1.07;13.9;38.2;10.07;8.26;0.8;10.83
18/01/2022 09:08;1.11;13.97;38.2;10.05;8.26;0.57;10.83
18/01/2022 09:23;1.1;14.11;38.23;9.99;8.26;0.56;10.84
18/01/2022 09:38;1.09;14.09;38.23;10;8.26;0.45;10.8
18/01/2022 09:53;1.08;14.11;38.23;9.98;8.26;0.39;10.84
18/01/2022 10:08;1.11;14.12;38.23;9.98;8.26;0.36;10.83
18/01/2022 10:23;1.09;14.11;38.23;9.97;8.26;0.45;10.8
18/01/2022 10:13;1.08;14.12;38.23;9.97;8.26;0.36;10.68
18/01/2022 10:28;1.11;14.11;38.23;9.97;8.26;0.33;10.78
18/01/2022 10:43;1.1;14.12;38.22;9.96;8.26;0.32;10.8
18/01/2022 10:58;1.1;14.13;38.23;9.96;8.26;0.29;10.83
18/01/2022 11:13;1.13;14.15;38.23;9.96;8.26;0.28;10.83
18/01/2022 11:28;1.08;14.17;38.23;9.96;8.26;0.36;10.84
18/01/2022 11:43;1.1;14.17;38.23;9.97;8.26;0.31;10.82
18/01/2022 11:58;1.1;14.2;38.23;9.97;8.26;0.3;10.84
18/01/2022 12:13;1.09;14.19;38.23;9.98;8.26;0.22;10.82
18/01/2022 12:28;1.11;14.2;38.23;9.99;8.26;0.3;10.84
18/01/2022 12:43;1.09;14.26;38.23;9.98;8.26;0.25;10.82
18/01/2022 12:58;1.13;14.27;38.23;9.99;8.26;0.24;10.84
18/01/2022 13:13;1.12;14.25;38.23;10;8.26;0.22;10.84
18/01/2022 13:28;1.09;14.22;38.23;10.02;8.26;0.32;10.85
18/01/2022 13:43;1.09;14.23;38.24;10.02;8.26;0.26;10.82
18/01/2022 13:58;1.11;14.36;38.23;10;8.26;0.26;10.84
18/01/2022 14:13;1.11;14.32;38.24;10.02;8.26;0.29;10.84
18/01/2022 14:28;1.1;14.29;38.24;10.04;8.26;0.28;10.85
18/01/2022 14:43;1.08;14.28;38.23;10.05;8.26;0.37;10.82
18/01/2022 14:58;1.1;14.31;38.24;10.05;8.26;0.35;10.84
18/01/2022 15:13;1.09;14.25;38.23;10.06;8.26;0.43;10.84
18/01/2022 15:28;1.1;14.26;38.22;10.06;8.26;0.46;10.85
18/01/2022 15:43;1.08;14.27;38.23;10.06;8.26;0.56;10.82
18/01/2022 15:58;1.09;14.28;38.24;10.07;8.26;0.57;10.84
18/01/2022 16:13;1.09;14.27;38.24;10.07;8.26;0.73;10.82
18/01/2022 16:28;1.11;14.19;38.23;10.09;8.26;0.92;10.84
18/01/2022 16:43;1.09;14.18;38.23;10.09;8.26;1.26;10.82
18/01/2022 16:58;1.1;14.16;38.23;10.1;8.26;0.99;10.84
18/01/2022 17:13;1.1;14.11;38.22;10.11;8.26;1.18;10.84
18/01/2022 17:28;1.13;14.09;38.23;10.11;8.26;1.17;10.85
18/01/2022 17:43;1.09;14.04;38.22;10.13;8.26;1.15;10.82
18/01/2022 17:58;1.07;14.05;38.23;10.12;8.26;1.14;10.84
18/01/2022 18:13;1.09;14.12;38.22;10.1;8.26;1.2;10.84
18/01/2022 18:28;1.1;14.07;38.21;10.12;8.26;1.23;10.85
18/01/2022 18:43;1.09;14.05;38.15;10.13;8.26;1.01;10.82
18/01/2022 18:58;1.13;14;38.11;10.14;8.26;0.87;10.84
18/01/2022 19:13;1.13;13.98;38.1;10.16;8.26;0.99;10.84
18/01/2022 19:28;1.12;13.88;38.11;10.2;8.26;1.16;10.85
18/01/2022 19:43;1.1;13.93;38.21;10.19;8.26;1.58;10.82
18/01/2022 19:58;1.15;13.91;38.21;10.19;8.26;1.28;10.84
18/01/2022 20:13;1.13;13.92;38.21;10.19;8.26;1.32;10.82
18/01/2022 20:28;1.13;13.91;38.21;10.19;8.26;1.37;10.84
18/01/2022 20:43;1.09;13.91;38.21;10.2;8.26;1.34;10.82
18/01/2022 20:58;1.11;13.91;38.2;10.2;8.26;1.19;10.84
18/01/2022 21:13;1.11;13.91;38.21;10.2;8.26;1.36;10.84
18/01/2022 21:28;1.13;13.91;38.21;10.2;8.26;1.39;10.85
18/01/2022 21:43;1.12;13.94;38.22;10.19;8.26;1.29;10.82
18/01/2022 21:58;1.14;13.93;38.21;10.19;8.26;1.51;10.84
18/01/2022 22:13;1.12;13.94;38.21;10.19;8.26;1.28;10.84
18/01/2022 22:28;1.12;13.94;38.21;10.2;8.26;1.3;10.85
18/01/2022 22:43;1.13;13.95;38.21;10.2;8.26;1.34;10.82
18/01/2022 22:58;1.13;13.95;38.21;10.2;8.26;1.34;10.84
18/01/2022 23:13;1.12;13.93;38.21;10.21;8.26;1.02;10.84
18/01/2022 23:28;1.11;13.9;38.21;10.23;8.27;1.64;10.85
18/01/2022 23:43;1.13;13.9;38.2;10.23;8.26;1.4;10.82
18/01/2022 23:58;1.13;13.92;38.21;10.23;8.27;1.34;10.84
19/01/2022 00:13;1.13;13.9;38.2;10.23;8.26;1.46;10.82
19/01/2022 00:28;1.13;13.89;38.21;10.24;8.26;1.05;10.84
19/01/2022 00:43;1.12;13.87;38.2;10.25;8.26;1.38;10.82
19/01/2022 00:58;1.13;13.86;38.2;10.25;8.26;1.04;10.84
19/01/2022 01:13;1.13;13.86;38.19;10.26;8.26;1.34;10.83
19/01/2022 01:28;1.11;13.85;38.19;10.26;8.26;1.18;10.85
19/01/2022 01:43;1.12;13.86;38.19;10.25;8.26;1.15;10.82
19/01/2022 01:58;1.12;13.89;38.2;10.23;8.26;0.97;10.84
19/01/2022 02:13;1.09;13.89;38.2;10.23;8.26;1.29;10.82
19/01/2022 02:28;1.09;13.91;38.2;10.23;8.26;1.08;10.84
19/01/2022 02:43;1.12;13.89;38.2;10.24;8.26;1.25;10.82
19/01/2022 02:58;1.12;13.89;38.19;10.23;8.26;1.23;10.84
19/01/2022 03:13;1.12;13.9;38.2;10.23;8.26;1.25;10.83
19/01/2022 03:28;1.1;13.89;38.2;10.23;8.26;1.23;10.85
19/01/2022 03:43;1.11;13.89;38.19;10.23;8.26;1.26;10.82
19/01/2022 03:58;1.1;13.89;38.2;10.23;8.26;1.22;10.84
19/01/2022 04:13;1.1;13.9;38.2;10.23;8.26;1;10.83
19/01/2022 04:28;1.13;13.89;38.21;10.23;8.26;1.26;10.85
19/01/2022 04:43;1.1;13.89;38.2;10.23;8.26;1.55;10.82
19/01/2022 04:58;1.14;13.89;38.2;10.23;8.26;1.32;10.84
19/01/2022 05:13;1.1;13.89;38.21;10.23;8.26;1.1;10.83
19/01/2022 05:28;1.12;13.9;38.2;10.22;8.27;1.19;10.84
19/01/2022 05:43;1.09;13.88;38.2;10.23;8.27;1.19;10.82
19/01/2022 05:58;1.1;13.9;38.21;10.21;8.27;1.06;10.84
19/01/2022 06:13;1.09;13.91;38.21;10.21;8.27;1.17;10.82
19/01/2022 06:28;1.11;13.89;38.22;10.21;8.27;1.09;10.84
19/01/2022 06:43;1.11;13.92;38.2;10.2;8.27;1.24;10.82
19/01/2022 06:58;1.1;13.93;38.21;10.2;8.27;1.39;10.84
19/01/2022 07:13;1.09;13.92;38.2;10.21;8.27;1.23;10.83
19/01/2022 07:28;1.11;13.92;38.21;10.2;8.27;1.21;10.85
19/01/2022 07:43;1.12;13.9;38.21;10.2;8.27;1.04;10.82
19/01/2022 07:58;1.12;13.92;38.21;10.19;8.27;1.41;10.84
19/01/2022 08:13;1.09;13.93;38.2;10.19;8.27;1.11;10.83
19/01/2022 08:28;1.11;13.91;38.21;10.19;8.27;1.41;10.85
19/01/2022 08:43;1.08;13.93;38.21;10.19;8.27;1.26;10.82
19/01/2022 08:58;1.08;13.93;38.21;10.18;8.27;0.92;10.84
19/01/2022 09:13;1.11;13.93;38.2;10.19;8.27;0.73;10.83
19/01/2022 09:28;1.1;13.94;38.21;10.19;8.27;0.71;10.84
19/01/2022 09:43;1.09;13.94;38.21;10.19;8.26;0.59;10.82
19/01/2022 09:58;1.12;13.94;38.21;10.2;8.26;0.48;10.84
19/01/2022 10:13;1.1;13.95;38.2;10.2;8.26;0.65;10.82
19/01/2022 10:28;1.11;13.95;38.2;10.2;8.26;0.62;10.79
19/01/2022 10:17;1.12;13.95;38.2;10.2;8.26;0.89;10.68
19/01/2022 10:32;1.07;13.95;38.21;10.21;8.26;0.51;10.78
19/01/2022 10:47;1.1;13.94;38.21;10.21;8.26;0.58;10.81
19/01/2022 11:02;1.1;13.97;38.21;10.21;8.26;0.38;10.83
19/01/2022 11:17;1.1;13.97;38.21;10.21;8.26;0.44;10.83
19/01/2022 11:32;1.13;13.99;38.21;10.21;8.26;0.39;10.84
19/01/2022 11:47;1.09;13.99;38.21;10.21;8.26;0.39;10.83
19/01/2022 12:02;1.07;14;38.2;10.21;8.26;0.37;10.84
19/01/2022 12:17;1.07;14;38.2;10.23;8.26;0.33;10.84
19/01/2022 12:32;1.07;14.06;38.21;10.24;8.26;0.31;10.85
19/01/2022 12:47;1.07;14.08;38.21;10.26;8.26;0.38;10.83
19/01/2022 13:02;1.1;14.07;38.21;10.27;8.26;0.27;10.84
19/01/2022 13:17;1.09;14.08;38.21;10.28;8.26;0.37;10.83
19/01/2022 13:32;1.1;14.08;38.21;10.29;8.26;0.38;10.84
19/01/2022 13:47;1.07;14.21;38.24;10.26;8.26;0.25;10.83
19/01/2022 14:02;1.1;14.06;38.21;10.32;8.26;0.37;10.84
19/01/2022 14:17;1.1;14.07;38.2;10.33;8.26;0.36;10.84
19/01/2022 14:32;1.09;14.15;38.22;10.31;8.26;0.47;10.85
19/01/2022 14:47;1.06;14.23;38.21;10.28;8.26;0.53;10.83
19/01/2022 15:02;1.06;14.2;38.22;10.28;8.26;0.59;10.85
19/01/2022 15:17;1.07;14.2;38.21;10.27;8.26;1.05;10.84
19/01/2022 15:32;1.07;14.15;38.21;10.28;8.26;2;10.85
19/01/2022 15:47;1.06;14.11;38.21;10.29;8.26;1.22;10.83
19/01/2022 16:02;1.08;14.07;38.21;10.3;8.26;1.27;10.85
19/01/2022 16:17;1.07;14.05;38.21;10.3;8.26;1.31;10.83
19/01/2022 16:32;1.08;14.05;38.21;10.3;8.26;1.27;10.85
19/01/2022 16:47;1.07;14.03;38.21;10.3;8.26;1.12;10.83
19/01/2022 17:02;1.05;14.04;38.21;10.29;8.26;1.13;10.84
19/01/2022 17:17;1.05;14.03;38.21;10.28;8.26;1.07;10.84
19/01/2022 17:32;1.03;14.03;38.21;10.27;8.26;1.85;10.85
19/01/2022 17:47;1.07;14.02;38.21;10.27;8.26;0.95;10.83
19/01/2022 18:02;1.06;14.02;38.21;10.27;8.26;1.64;10.85
19/01/2022 18:17;1.05;14.02;38.21;10.26;8.26;0.99;10.84
19/01/2022 18:32;1.06;14.01;38.21;10.26;8.26;1.13;10.85
19/01/2022 18:47;1.06;14.02;38.21;10.25;8.26;1.1;10.83
19/01/2022 19:02;1.05;13.93;38.11;10.28;8.26;1.53;10.85
19/01/2022 19:17;1.06;13.94;38.11;10.28;8.26;1.04;10.83
19/01/2022 19:32;1.04;13.96;38.15;10.28;8.26;1.06;10.84
19/01/2022 19:47;1.05;13.92;38.07;10.29;8.26;1.08;10.83
19/01/2022 20:02;1.03;13.94;38.13;10.29;8.26;0.8;10.84
19/01/2022 20:17;1.05;13.96;38.15;10.28;8.26;0.9;10.84
19/01/2022 20:32;1.04;13.96;38.18;10.28;8.26;2.3;10.85
19/01/2022 20:47;1.03;13.96;38.17;10.29;8.26;1.22;10.83
19/01/2022 21:02;1.05;13.98;38.18;10.29;8.26;0.86;10.84
19/01/2022 21:17;1.07;13.96;38.17;10.3;8.26;0.94;10.84
19/01/2022 21:32;1.03;13.94;38.17;10.3;8.26;0.78;10.85
19/01/2022 21:47;1.08;13.93;38.14;10.31;8.26;0.79;10.83
19/01/2022 22:02;1.07;13.99;38.18;10.28;8.26;1.03;10.84
19/01/2022 22:17;1.04;14.01;38.19;10.28;8.26;1.03;10.83
19/01/2022 22:32;1.06;14.03;38.19;10.28;8.26;0.88;10.84
19/01/2022 22:47;1.04;14.05;38.2;10.27;8.26;1.25;10.83
19/01/2022 23:02;1.04;14.06;38.2;10.27;8.27;0.98;10.84
19/01/2022 23:17;1.01;14.06;38.21;10.27;8.27;0.91;10.84
19/01/2022 23:32;1.01;14.06;38.21;10.27;8.27;0.87;10.85
19/01/2022 23:47;1.02;14.04;38.21;10.28;8.27;1.09;10.83
20/01/2022 00:02;1.04;14.04;38.2;10.28;8.27;1.08;10.84
20/01/2022 00:17;1.07;14.06;38.21;10.27;8.27;0.77;10.84
20/01/2022 00:32;1;14.05;38.21;10.27;8.27;0.74;10.85
20/01/2022 00:47;0.99;14.06;38.21;10.27;8.27;0.85;10.83
20/01/2022 01:02;0.99;14.05;38.2;10.27;8.27;1.3;10.84
20/01/2022 01:17;1.03;14.06;38.2;10.27;8.27;0.91;10.83
20/01/2022 01:32;1.04;14.07;38.2;10.26;8.27;0.85;10.84
20/01/2022 01:47;1.02;14.07;38.2;10.26;8.27;1.38;10.83
20/01/2022 02:02;0.99;14.08;38.2;10.25;8.27;1;10.84
20/01/2022 02:17;1.04;14.08;38.2;10.25;8.27;0.85;10.84
20/01/2022 02:32;1;14.11;38.2;10.23;8.27;0.95;10.85
20/01/2022 02:47;1.07;14.11;38.2;10.23;8.27;0.68;10.83
20/01/2022 03:02;1.01;14.14;38.2;10.23;8.27;0.8;10.84
20/01/2022 03:17;0.98;14.12;38.2;10.23;8.27;0.92;10.84
20/01/2022 03:32;0.97;14.13;38.2;10.23;8.27;0.83;10.85
20/01/2022 03:47;1;14.13;38.2;10.23;8.27;0.82;10.83
20/01/2022 04:02;1.05;14.14;38.19;10.23;8.27;0.95;10.84
20/01/2022 04:17;0.94;14.15;38.2;10.23;8.27;0.87;10.83
20/01/2022 04:32;1.01;14.16;38.19;10.23;8.27;0.69;10.84
20/01/2022 04:47;1.01;14.17;38.2;10.22;8.27;0.78;10.83
20/01/2022 05:02;0.94;14.18;38.2;10.22;8.27;0.96;10.84
20/01/2022 05:17;0.88;14.18;38.2;10.22;8.27;0.88;10.84
20/01/2022 05:32;1;14.19;38.2;10.21;8.27;0.78;10.85
20/01/2022 05:47;0.99;14.19;38.2;10.22;8.27;0.69;10.83
20/01/2022 06:02;1.1;14.21;38.2;10.21;8.27;0.86;10.85
20/01/2022 06:17;1.16;14.2;38.19;10.21;8.27;0.78;10.84
20/01/2022 06:32;0.94;14.19;38.2;10.22;8.27;0.71;10.85
20/01/2022 06:47;1.03;14.17;38.2;10.22;8.27;0.79;10.83
20/01/2022 07:02;0.98;14.18;38.2;10.22;8.27;1.09;10.85
20/01/2022 07:17;0.97;14.16;38.19;10.22;8.27;0.97;10.83
20/01/2022 07:32;1.03;14.15;38.19;10.23;8.27;0.8;10.84
20/01/2022 07:47;1.15;14.16;38.19;10.22;8.27;0.97;10.83
20/01/2022 08:02;1.08;14.16;38.19;10.22;8.27;0.89;10.84
20/01/2022 08:17;1.02;14.15;38.19;10.22;8.27;0.89;10.84
20/01/2022 08:32;1;14.14;38.19;10.22;8.27;0.84;10.85
20/01/2022 08:47;1.06;14.14;38.19;10.21;8.27;0.78;10.83
20/01/2022 09:02;1.03;14.14;38.19;10.21;8.27;0.9;10.84
20/01/2022 09:17;1.13;14.12;38.19;10.21;8.27;0.71;10.84
20/01/2022 09:32;0.94;14.12;38.19;10.2;8.27;0.75;10.85
20/01/2022 09:47;0.94;14.11;38.19;10.2;8.27;0.75;10.83
